CC1=C(C=C(C=C1[N+](=O)[O-])[N+](=O)[O-])[N+](=O)[O-],OC(=O)C1=CC=CC=C1O,failed,0,
CC1=C(C=C(C=C1[N+](=O)[O-])[N+](=O)[O-])[N+](=O)[O-],OC(=O)C1=CC=CC=C1,failed,0,
CC1=C(C=C(C=C1)[N+](=O)[O-])[N+](=O)[O-],OC(=O)C1=CC=CC=C1O,failed,0,
CC1=C(C=C(C=C1)[N+](=O)[O-])[N+](=O)[O-],OC(=O)C1=CC=CC=C1,failed,0,
OC(=O)C1=CC=CC=C1Cl,OC(=O)C1=CC=CC=C1O,failed,0,
OC(=O)C1=CC=CC=C1Cl,OC(=O)C1=CC=CC=C1,failed,0,
OC1=CC=CC=C1[N+](=O)[O-],OC(=O)C1=CC=CC=C1,failed,0,
NC(=O)C1=CC(=CC=C1)O,OC(=O)C1=CC=CC=C1O,failed,0,
NC(=O)C1=CC(=CC=C1)O,OC(=O)C1=CC=CC=C1,failed,0,
CC(CCCC(O)=O)CC(O)=O,OC(=O)C1=CC=CC=C1,failed,0,
OC1=CC=C(C=C1)[N+](=O)[O-],OC(=O)C1=CC=CC=C1O,failed,0,
OC1=CC=C(C=C1)[N+](=O)[O-],OC(=O)C1=CC=CC=C1,failed,0,
OC1=CC=C(C=C1)[N+](=O)[O-],OC(=O)C=CC1=CC=CC=C1,failed,0,
CC(N)=O,OC(=O)C1=CC=CC=C1,failed,0,
NC(=O)C1=CC=CC=C1,OC(=O)C1=CC(=CC=C1)O,failed,0,
NC(=O)C1=CC=CC=C1,OC(=O)C1=CC=C(O)C=C1,failed,0,
NC(=O)C1=CC=CC=C1,OC(=O)C1=CC=CC=C1,failed,0,
NC(=O)C1=CC=CC=C1,COC1=C(O)C=CC(=C1)C=CC(O)=O,failed,0,
O=C(C1=CC=CC=C1)C(=O)C1=CC=CC=C1,OC(=O)C1=CC=CC=C1,failed,0,
OC(=O)C1=CC=CC=C1,OC(=O)C1=CC=CC=C1O,failed,0,
CC1(C)C2CCC1(C)C(O)C2,OC(=O)C1=CC=CC=C1O,failed,0,
OC(=O)C=CC1=CC=CC=C1,OC(=O)C1=CC=CC=C1,failed,0,
COC1=C(O)C=CC(=C1)C=CC(=O)CC(=O)C=CC1=CC(=C(O)C=C1)OC,OC(=O)C1=CC=CC=C1O,failed,0,
COC1=C(O)C=CC(=C1)C=CC(=O)CC(=O)C=CC1=CC(=C(O)C=C1)OC,OC(=O)C1=CC=C(O)C=C1,failed,0,
COC1=C(O)C=CC(=C1)C=CC(=O)CC(=O)C=CC1=CC(=C(O)C=C1)OC,COC1=C(O)C=CC(=C1)C=CC(O)=O,failed,0,
CCOC1=CC=CC=C1C(N)=O,OC(=O)C1=CC(=CC=C1)O,failed,0,
O=C1CCCC(=O)N1,OC(=O)C1=CC=CC=C1O,failed,0,
O=C1CCCC(=O)N1,OC(=O)C1=CC(=CC=C1)O,failed,0,
O=C1CCCC(=O)N1,OC(=O)C1=CC=CC=C1,failed,0,
COC1=CC2=C(C=C1)N(C(=C2CC(O)=O)C)C(=O)C1=CC=C(Cl)C=C1,OC(=O)C1=C(O)C2=CC=CC=C2C=C1,failed,0,
COC1=CC2=C(C=C1)N(C(=C2CC(O)=O)C)C(=O)C1=CC=C(Cl)C=C1,OC(=O)C1=C(O)C=CC(=C1)O,failed,0,
COC1=CC2=C(C=C1)N(C(=C2CC(O)=O)C)C(=O)C1=CC=C(Cl)C=C1,OC(=O)C1=CC=CC=C1O,failed,0,
COC1=CC2=C(C=C1)N(C(=C2CC(O)=O)C)C(=O)C1=CC=C(Cl)C=C1,OC(=O)C1=CC=C(O)C=C1,failed,0,
COC1=CC2=C(C=C1)N(C(=C2CC(O)=O)C)C(=O)C1=CC=C(Cl)C=C1,OC(=O)C1=CC=CC=C1,failed,0,
O=C1NC(=O)C=C1,OC(=O)C1=CC=CC=C1O,failed,0,
O=C1NC(=O)C=C1,OC(=O)C1=CC(=CC=C1)O,failed,0,
O=C1NC(=O)C=C1,OC(=O)C1=CC=CC=C1,failed,0,
OC(=O)CC(O)=O,OC(=O)C1=CC=CC=C1O,failed,0,
OC(=O)CC(O)=O,OC(=O)C1=CC=CC=C1,failed,0,
CC(C)C1CCC(C)CC1O,OC(=O)C1=CC=CC=C1O,failed,0,
C1=CC=C2C=CC=CC2=C1,OC(=O)C1=CC=CC=C1,failed,0,
OC(=O)C(O)=O,OC(=O)C1=CC=CC=C1,failed,0,
C1=CC=C2C(=C1)C=CC1=CC=CC=C21,OC(=O)C1=CC=CC=C1O,failed,0,
C1=CC=C2C(=C1)C=CC1=CC=CC=C21,OC(=O)C1=CC=CC=C1,failed,0,
C1=CC=C2C(=C1)C=CC1=CC=CC=C21,OC(=O)C1=CC(=CC=C1)O,failed,0,
C1=CC=C2C(=C1)C=CC1=CC=CC=C21,OC(=O)C=CC1=CC=CC=C1,failed,0,
OC(=O)CC1=CC=CC=C1,OC(=O)C1=CC=CC=C1,failed,0,
O=C1NC(=O)C2=CC=CC=C12,OC(=O)C1=CC=CC=C1,failed,0,
NC(=O)CN1CCCC1=O,OC(=O)C1=C(O)C=CC=C1O,failed,0,
CC(=O)C1CCC2C3CC=C4CC(O)CCC4(C)C3CCC12C,OC(=O)C1=C(O)C=CC(=C1)O,failed,0,
CC(=O)C1CCC2C3CC=C4CC(O)CCC4(C)C3CCC12C,OC(=O)C1=C(O)C=CC2=CC=CC=C12,failed,0,
CC(=O)C1CCC2C3CC=C4CC(O)CCC4(C)C3CCC12C,OC(=O)C1=CC2=CC=CC=C2C=C1O,failed,0,
NC(=O)C1=CC=CC=C1O,OC(=O)C1=CC(=CC=C1)O,failed,0,
OC(=O)CCC(O)=O,OC(=O)C1=CC=CC=C1,failed,0,
O=C1CCC(=O)N1,OC(=O)C1=CC=CC=C1O,failed,0,
O=C1CCC(=O)N1,OC(=O)C1=CC(=CC=C1)O,failed,0,
O=C1CCC(=O)N1,OC(=O)C1=CC=CC=C1,failed,0,
NC(N)=O,OC(=O)C1=CC=CC=C1,failed,0,
CC(C)C1=C(O)C=C(C)C=C1,CCN(CC)CC(=O)NC1=C(C)C=CC=C1C,failed,0,
OC(C1=CC=CC=C1)C(=O)C1=CC=CC=C1,OC1=CC(=CC=C1)O,failed,0,
CC1(C)C2CCC1(C)C(=O)C2,OC1=CC=CC(=C1)[N+](=O)[O-],failed,0,
NC(N)=NC1=NC(=CS1)CSCCC(N)=NS(N)(=O)=O,O=C1NS(=O)(=O)C2=CC=CC=C12,failed,0,
COC1=C(O)C=CC(=C1)C=CC(=O)CC(=O)C=CC1=CC(=C(O)C=C1)OC,OC(C(O)C(O)=O)C(O)=O,failed,0,
CC1(C)C2CCC1(C)C(=O)C2,OC1=CC=C(C=C1)[N+](=O)[O-],failed,0,
COC1=C(O)C=CC(=C1)C=O,OC1=CC=CC2=CC=CC=C12,failed,0,
O=C1C2=CC=CC=C2C2=CC=CC=C12,N1C2=CC=CC=C2C2=CC=CC=C12,failed,0,
OC1=CC2=CC=CC=C2C=C1,NC1=CC(=CC=C1)N,failed,0,
CN1C=NC2=C1C(=O)N(C)C(=O)N2C,NC1=CC=C(C=C1)S(=O)(=O)NC1=NC=CS1,failed,0,
CC1(C)C2CCC1(C)C(=O)C2,OC(=O)C1=CC=CC=C1,failed,0,
COC1=CC2=C(C=C1)N(C(=C2CC(O)=O)C)C(=O)C1=CC=C(Cl)C=C1,OC(=O)C(O)=O,failed,0,
OC1=CC=CC2=CC=CC=C12,NC1=CC=CC=C1[N+](=O)[O-],failed,0,
ClC1=NC=CC=N1,OC(=O)CC1=CC=CC=C1NC1=C(Cl)C=CC=C1Cl,failed,0,
NC(=O)C1=CN=CC=C1,OC1=CC2=CC=CC=C2C=C1,failed,0,
N1C=CC2=CC=CC=C12,CC1=CC2=CC=CC=C2N1,failed,0,
OC1=CC=CC2=CC=CC=C12,NC(N)=O,failed,0,
NC(N)=NC1=NC(=CS1)CSCCC(N)=NS(N)(=O)=O,NC(=O)C1=CN=CC=C1,failed,0,
N1C=CC2=CC=CC=C12,NC(=O)C1=CN=CC=C1,failed,0,
COC1=C(O)C=CC(=C1)C=CC(=O)CC(=O)C=CC1=CC(=C(O)C=C1)OC,NC(=O)C1=CN=CC=C1,failed,0,
CC1=CC(=NN1)C,OC(=O)CC1=CC=CC=C1NC1=C(Cl)C=CC=C1Cl,failed,0,
NC1=CC=NC=C1,OC(=O)C1=CC=CC=C1,failed,0,
COC1=CC2=C(C=C1)N(C(=C2CC(O)=O)C)C(=O)C1=CC=C(Cl)C=C1,COC(=O)C(CC1=CC=CC=C1)NC(=O)C(CC(O)=O)NCCC(C)(C)C,failed,0,
NC(=O)C1=CC=CC=C1,NC1=CC=C(N)C=C1,failed,0,
COC1=C(O)C=CC(=C1)C=O,OC1=CC2=CC=CC=C2C=C1,failed,0,
NC1=CC(=CC=C1)O,OC1=CC(=CC=C1)O,failed,0,
CC12CCC3C(CCC4=C3C=CC(=C4)O)C1CCC2O,OC1=CC=CC2=CC=CC=C12,failed,0,
NC(=O)C1=CC=CC=C1,OC1=CC=CC(=C1)[N+](=O)[O-],failed,0,
CC(=O)C1=CC=C(N)C=C1,OC1=CC=C(C=C1)[N+](=O)[O-],failed,0,
NC(=O)C1=CC=CC=C1,OC(=O)C1=CC=CC=C1Cl,failed,0,
N1C2=CC=CC=C2C2=CC=CC=C12,CC1=C(C=C(C=C1)[N+](=O)[O-])[N+](=O)[O-],failed,0,
N1C2=CC=CC=C2C2=CC=CC=C12,OC1=CC=CC=C1[N+](=O)[O-],failed,0,
OC(=O)C=CC(O)=O,COC1=CC2=C(C=C1)N(C(=C2CC(O)=O)C)C(=O)C1=CC=C(Cl)C=C1,failed,0,
OC1=CC=C(C=C1)C1=CC=CC=C1,NC1=CC=CC=C1[N+](=O)[O-],failed,0,
N1C2=CC=CC=C2C2=CC=CC=C12,OC1=C(C=C(C=C1)[N+](=O)[O-])[N+](=O)[O-],failed,0,
NC(=O)C1=CN=CC=C1,CC(=O)NC1=CC=C(O)C=C1,failed,0,
OC1=CC2=CC=CC=C2C=C1,NC1=CC=CC=C1[N+](=O)[O-],failed,0,
C1=NC=CC(=C1)C1=CC=NC=C1,NC(=O)CCC(N)=O,failed,0,
N1C=CC=N1,OC(=O)CC1=CC=CC=C1NC1=C(Cl)C=CC=C1Cl,failed,0,
CN1N(C(=O)C=C1C)C1=CC=CC=C1,CCOC1=CC=C(NC(C)=O)C=C1,failed,0,
CC(=O)NC1=CC=C(O)C=C1,CN1C=NC2=C1C(=O)N(C)C(=O)N2C,failed,0,
COC1=C(O)C=CC(=C1)C=O,OC(=O)CCl,failed,0,
OC1=CC=CC=C1O,COC1=CC=C(O)C=C1,failed,0,
NC1=CC=CC=C1N,NC(=O)C1=CC=CC=C1,failed,0,
N1C2=CC=CC=C2C2=CC=CC=C12,O=[N+]([O-])C1=CC(=CC=C1)[N+](=O)[O-],failed,0,
OC(=O)C1=NC=CN=C1,NC(=O)C1=CC=CC=N1,failed,0,
OC1=CC=CC(=C1)C=O,OC1=CC2=CC=CC=C2C=C1,failed,0,
OC(=O)C1=NC=CN=C1,NC(=O)C1=CN=CC=C1,failed,0,
N1C2=CC=CC=C2C2=CC=CC=C12,O=[N+]([O-])C1=CC=C(C=C1)[N+](=O)[O-],failed,0,
CC1=CC=C(C=C1)C(O)=O,OC(=O)C(Cl)Cl,failed,0,
COC(=O)C1=CC=C(C=C1)C(=O)OC,OC(=O)C1=CC=CC=C1,failed,0,
CC(=O)C1CCC2C3CCC4=CC(=O)CCC4(C)C3CCC12C,CN1C(=O)N(C)C2=C(NC=N2)C1=O,failed,0,
NC(=O)C1=CC=CC=C1,NC1=CC(=CC=C1)N,failed,0,
OC(=O)CC1=CC=CC=C1,OC(=O)C(Cl)Cl,failed,0,
COC1=CC=C(C=C1)C(O)=O,OC(=O)C1=CC=C(O)C=C1,failed,0,
OC(=O)C1=CC=CC=C1,NC1=CC=CC2=CC=CC=C12,failed,0,
CC12CCC3C(CCC4=C3C=CC(=C4)O)C1CCC2O,OC1=CC=C(Br)C=C1,failed,0,
OC1=CC=C(C=C1)C1=CC=CC=C1,NC1=CC(=CC=C1)[N+](=O)[O-],failed,0,
OC1=CC=C(C=C1)[N+](=O)[O-],NC1=CC=C(C=C1)[N+](=O)[O-],failed,0,
CC12CCC3C(CCC4=C3C=CC(=C4)O)C1CCC2O,OC1=CC2=CC=CC=C2C=C1,failed,0,
COC1=CC2=C(C=C1)N(C(=C2CC(O)=O)C)C(=O)C1=CC=C(Cl)C=C1,COC1=C(O)C=CC(=C1)C(O)=O,failed,0,
CC1=NC(=C(C)N=C1C)C,BrC1=CC=C(Br)C=C1,failed,0,
OC1=CC=C(C=C1)C1=CC=CC=C1,NC1=CC=C(C=C1)[N+](=O)[O-],failed,0,
N1C2=CC=CC=C2SC2=CC=CC=C12,CC1=NC=CN1,failed,0,
C1=CC=C(C=C1)C1=CC=NC=C1,IC1=CC=C(I)C=C1,failed,0,
OC(=O)C1=CC=CC=C1O,OC(=O)C1=CC=C(O)C=C1,failed,0,
NC1=CC=C(C=C1)C(O)=O,OC(=O)C1=CC=C(O)C=C1,failed,0,
C1=CC=C(C=C1)C1=CC=NC=C1,BrC1=CC=C(Br)C=C1,failed,0,
NC(=O)C1=CC=C(O)C=C1,CC(=O)OC1=CC=CC=C1C(O)=O,failed,0,
N1N=CN=N1,N1C=NC=N1,failed,0,
CC(=O)NC1=CC=C(O)C=C1,NC1=CC=C(O)C=C1,failed,0,
C1=NC=CC(=C1)C1=CC=NC=C1,BrC1=CC=C(Br)C=C1,failed,0,
C1=NC=CN=C1,IC1=CC=C(I)C=C1,failed,0,
O=C(C1=CC=CC=C1)C1=CC=NC=C1,BrC1=CC=C(Br)C=C1,failed,0,
C1=NC=CN=C1,BrC1=CC=C(Br)C=C1,failed,0,
OC(=O)C1=CC(=CC(=C1)[N+](=O)[O-])[N+](=O)[O-],COC1=CC(=CC(=C1)OC)C(O)=O,failed,0,
O=C(C1=CC=CC=C1)C1=CC=NC=C1,IC1=CC=C(I)C=C1,failed,0,
OC(=O)C1=CC=CC=C1O,CC1=CC=C(C=C1)[N+](=O)[O-],failed,0,
NC1=CC2=CC=CC=C2C=C1,OC1=CC=CC=C1[N+](=O)[O-],failed,0,
NC1=CC=C(C=C1)C(O)=O,COC1=CC2=C(C=C1)N(C(=C2CC(O)=O)C)C(=O)C1=CC=C(Cl)C=C1,failed,0,
CC(=O)C1=CC=C(N)C=C1,OC(C1=CC=CC=C1)C(=O)C1=CC=CC=C1,failed,0,
ClC1=CC=C(Br)C=C1,CCCCCCCCCCCCCCO,failed,0,
NC(=O)C1=CN=CC=C1,NC1=CC=CC=C1[N+](=O)[O-],failed,0,
NC1=CC2=CC=CC=C2C=C1,CC1=C(C=C(C=C1)[N+](=O)[O-])[N+](=O)[O-],failed,0,
COC1=CC(=CC(=C1)OC)C(O)=O,NC1=CC=C(C=C1)C(O)=O,failed,0,
OC(=O)C1=CC(=CC=C1)[N+](=O)[O-],OC(=O)C1=CC=CC=C1I,failed,0,
O=C(C1=CC=CC=C1)C(=O)C1=CC=CC=C1,NC1=CC(=CC=C1)[N+](=O)[O-],failed,0,
N1N=CC=N1,N1N=CN=N1,failed,0,
NC1=CC2=CC=CC=C2C=C1,CC1=C(C=CC=C1[N+](=O)[O-])[N+](=O)[O-],failed,0,
CC12CCC3C(CCC4=C3C=CC(=C4)O)C1CCC2O,OC1=CC2=C(C=C1)C=CC(=C2)O,failed,0,
NC1=CC(=CC(=C1)N)C(O)=O,NC1=CC=C(C=C1)C(O)=O,failed,0,
OC(=O)C1=CC(=CC(=C1)[N+](=O)[O-])[N+](=O)[O-],COC1=CC=C(C=C1)C(O)=O,failed,0,
OC(=O)C1=CC=CC=C1O,CC1=CC=CC=C1[N+](=O)[O-],failed,0,
CC(=O)NC1=CC=C(C)C=C1,CC(=O)NC1=CC=CC=C1C,failed,0,
OC(=O)C1=CC=CC=C1O,OC(=O)C1=CC(=CC=C1)O,failed,0,
NC1=CC=CC2=CC=CC=C12,OC1=CC=CC=C1[N+](=O)[O-],failed,0,
CC(=O)OC1=CC=CC=C1C(O)=O,CC(=O)NC1=CC=C(O)C=C1,failed,0,
CC(=O)C1CCC2C3CCC4=CC(=O)CCC4(C)C3CCC12C,BrC1=CC=CC=C1,failed,0,
CC1(C)C2CCC1(C)C(=O)C2,C1=CC=C2C=CC=CC2=C1,failed,0,
NC1=CC=CC=C1[N+](=O)[O-],NC1=CC=C(C=C1)C(O)=O,failed,0,
CC(C)CC1=CC=C(C=C1)C(C)C(O)=O,CC(C)C1=C(O)C=C(C)C=C1,failed,0,
N1C=CC=N1,N1C=NC=N1,failed,0,
NC1=CC=CC=C1N,NC1=CC=C(N)C=C1,failed,0,
OC1=CC=CC(=C1)C=O,OC1=CC=C(C=C1)[N+](=O)[O-],failed,0,
OC1=CC=CC=C1C1=CC=CC=C1,NC1=CC=C(C=C1)[N+](=O)[O-],failed,0,
O=C(C1=CC=CC=C1)C1=CC=CC=C1,OC1=C(C=C(C=C1[N+](=O)[O-])[N+](=O)[O-])[N+](=O)[O-],failed,0,
OC1=C(C=C(C=C1[N+](=O)[O-])[N+](=O)[O-])[N+](=O)[O-],CC1=C(C=C(C=C1)[N+](=O)[O-])[N+](=O)[O-],failed,0,
CN1N(C(=O)C=C1C)C1=CC=CC=C1,NC(N)=O,failed,0,
O=C(C1=CC=CC=C1)C(=O)C1=CC=CC=C1,NC1=CC=CC=C1[N+](=O)[O-],failed,0,
OC1=CC=CC=C1C(=O)OC1=CC=CC=C1,CCN(CC)CC(=O)NC1=C(C)C=CC=C1C,failed,0,
NC(=O)C1=CN=CC=C1,NC(=O)C1=CC=CC=C1,failed,0,
CC1=CC=C(C=C1)C(O)=O,OC(=O)C1=CC=C(O)C=C1,failed,0,
OC(=O)C1=CC=CC=C1,OC(=O)C1=CC=C(O)C=C1,failed,0,
OC1=CC=CC2=CC=CC=C12,OC1=CC2=CC=CC=C2C=C1,failed,0,
NC1=CC=CC2=CC=CC=C12,CC1=C(C=CC=C1[N+](=O)[O-])[N+](=O)[O-],failed,0,
O=[N+]([O-])C1=CC(=CC=C1)[N+](=O)[O-],O=[N+]([O-])C1=CC(=CC(=C1)[N+](=O)[O-])[N+](=O)[O-],failed,0,
NC(=O)C1=CC=C(N)C=C1,COC1=CC2=C(C=C1)N(C(=C2CC(O)=O)C)C(=O)C1=CC=C(Cl)C=C1,failed,0,
NC(=O)C1=CC=CC=C1O,OC1=CC=C(C=C1)[N+](=O)[O-],failed,0,
OC(=O)C1=CC=C(Br)C=C1,COC1=CC=C(C=C1)C(O)=O,failed,0,
OC(=O)C1=CC=C(Cl)C=C1,COC1=CC=C(C=C1)C(O)=O,failed,0,
OC(=O)C1=CC(=CC=C1)[N+](=O)[O-],OC(=O)C1=CC(=CC=C1)O,failed,0,
NC1=CC(=CC=C1)N,NC1=CC=C(N)C=C1,failed,0,
OC1=CC=C(O)C=C1,NC1=CC(=CC=C1)[N+](=O)[O-],failed,0,
OC1=C(C=C(C=C1[N+](=O)[O-])[N+](=O)[O-])[N+](=O)[O-],O=[N+]([O-])C1=CC(=CC=C1)[N+](=O)[O-],failed,0,
CC1=CC=C(C=C1)[N+](=O)[O-],CC1=C([N+](=O)[O-])C(=C(C=C1[N+](=O)[O-])[N+](=O)[O-])C,failed,0,
CC1=C(C=C(C=C1[N+](=O)[O-])[N+](=O)[O-])[N+](=O)[O-],CC1=C(C=C(C=C1)[N+](=O)[O-])[N+](=O)[O-],failed,0,
CC12CCC3C(CCC4=C3C=CC(=C4)O)C1CCC2O,OC(=O)C1=C(O)C=CC(=C1)O,failed,0,
C1CC2=CC=CC3=C2C1=CC=C3,ClC1=CC(=CC=C1)Cl,failed,0,
OC(=O)C1=CC=C(I)C=C1,COC1=CC=C(C=C1)C(O)=O,failed,0,
C1=CC=C(C=C1)C1=CC=CC=C1,C1CC2=CC=CC3=C2C1=CC=C3,failed,0,
OC(=O)C1=CC=CC=C1,CC1=CC=CC=C1[N+](=O)[O-],failed,0,
NC1=CC=CC=C1N,NC1=CC(=CC=C1)N,failed,0,
O=C(C1=CC=CC=C1)C1=CC=CC=C1,OC1=C(C=C(C=C1)[N+](=O)[O-])[N+](=O)[O-],failed,0,
COC1=C(C=C(C=C1[N+](=O)[O-])[N+](=O)[O-])[N+](=O)[O-],O=[N+]([O-])C1=CC(=CC(=C1)[N+](=O)[O-])[N+](=O)[O-],failed,0,
CCC1(C(=O)NC(=O)NC1=O)C1=CC=CC=C1,CCOC1=CC=C(NC(C)=O)C=C1,failed,0,
CC(N)(CO)CO,CC(C)(CO)CO,failed,0,
C1=CC=C2C=CC=CC2=C1,CC1=CC2=CC=CC=C2C=C1C,failed,0,
C1=CC=C2C=CC=CC2=C1,ClC1=CC(=CC=C1)Cl,failed,0,
OC1=CC2=CC=CC=C2C=C1,O=[N+]([O-])C1=CC(=CC=C1)[N+](=O)[O-],failed,0,
CC(C)C1=CC=C(C)C=C1,CC12CCC(CC1)C(C)(C)O2,failed,0,
OC1=CC=CC=C1,O=C(OC1=CC=CC=C1)OC1=CC=CC=C1,failed,0,
OC(=O)C1=CC=CC=C1,CC(C(C)C(O)=O)C(O)=O,failed,0,
NC(=O)C1=CN=CC=C1,CN(C)C1=CC=C(C=O)C=C1,failed,0,
N(C1=CC=CC=C1)C1=CC=CC=C1,CCNC1=CC=C(C=C1)[N+](=O)[O-],failed,0,
OC(=O)C1=CC(=CC=C1)[N+](=O)[O-],OC(=O)C1=CC(=CC(=C1)[N+](=O)[O-])[N+](=O)[O-],failed,0,
OC1=CC=C(O)C=C1,COC1=C(O)C=CC(=C1)C=CC(=O)CC(=O)C=CC1=CC(=C(O)C=C1)OC,failed,0,
OC(=O)C=CC1=CC=CC=C1,OC(=O)CCl,failed,0,
C1=CC=C2C=CC=CC2=C1,C1CC2=CC=CC3=C2C1=CC=C3,failed,0,
CCC1(C(=O)NC(=O)NC1=O)C1=CC=CC=C1,CC(=O)OC1=CC=CC=C1C(O)=O,failed,0,
N1C=CC=N1,N1N=CC=N1,failed,0,
C1=CC=C2C(=C1)C=CC1=CC=CC=C21,S1C2=CC=CC=C2SC2=CC=CC=C12,failed,0,
N1C2=CC=CC=C2C2=CC=CC=C12,OC1=CC=C(C=C1)[N+](=O)[O-],failed,0,
O=[N+]([O-])C1=CC(=CC=C1)[N+](=O)[O-],O=[N+]([O-])C1=CC=C(C=C1)[N+](=O)[O-],failed,0,
O=[N+]([O-])C1=CC(=CC=C1)[N+](=O)[O-],CC1=C(C=C(C=C1[N+](=O)[O-])[N+](=O)[O-])[N+](=O)[O-],failed,0,
CC1=C(C=C(C=C1)[N+](=O)[O-])[N+](=O)[O-],OC1=C(C=C(C=C1)[N+](=O)[O-])[N+](=O)[O-],failed,0,
OC1=C(C=C(C=C1)[N+](=O)[O-])[N+](=O)[O-],CC1=C(C=C(C=C1[N+](=O)[O-])[N+](=O)[O-])[N+](=O)[O-],failed,0,
COC1=C(C=C(C=C1[N+](=O)[O-])[N+](=O)[O-])[N+](=O)[O-],OC1=C(C=C(C=C1[N+](=O)[O-])[N+](=O)[O-])[N+](=O)[O-],failed,0,
C1CC2=CC=CC3=C2C1=CC=C3,C1=CC=C2C(=C1)C=CC1=CC=CC=C21,failed,0,
C1CC2=CC=CC3=C2C1=CC=C3,C1C2=CC=CC=C2C2=CC=CC=C12,failed,0,
BrC1=CC=C(Br)C=C1,ClC1=CC=CC=C1Cl,failed,0,
C1=CC=C(C=C1)C(C1=CC=CC=C1)C1=CC=CC=C1,C1=CC=C(C=C1)C1=CC=CC=C1,failed,0,
C1=CC=C(C=C1)C(C1=CC=CC=C1)C1=CC=CC=C1,C(C1=CC=CC=C1)C1=CC=CC=C1,failed,0,
C(C1=CC=CC=C1)C1=CC=CC=C1,C1=CC=C(C=C1)C1=CC=CC=C1,failed,0,
CC12CCC3C(CCC4=C3C=CC(=C4)O)C1CCC2O,OC(=O)C1=CC2=CC=CC=C2C=C1O,failed,0,
C1CC2=CC=CC3=C2C1=CC=C3,ClC1=CC=CC=C1Cl,failed,0,
ClC1=CC(=CN=C1)Cl,BrC1=CC=C(Br)C=C1,failed,0,
NNC(=O)C1=CC=NC=C1,NC(=O)CCC(N)=O,failed,0,
ClC1=CC(=CN=C1)Cl,IC1=CC=C(I)C=C1,failed,0,
OC(=O)C1=CC(=CC=C1)O,OC(=O)C1=CC=CC=C1,failed,0,
OC(=O)C1=CC=C(Br)C=C1,OC(=O)C1=CC=CC=C1,failed,0,
OC(=O)C1=CC=C(Br)C=C1,OC(=O)C1=CC=C(O)C=C1,failed,0,
OC(=O)C1=CC=C(Cl)C=C1,OC(=O)C1=CC=CC=C1,failed,0,
OC(=O)C1=CC=CC=C1,COC1=CC=C(C=C1)C(O)=O,failed,0,
OC(=O)C1=CC=CC=C1[N+](=O)[O-],OC(=O)C1=CC=CC=C1I,failed,0,
C1=CC=C2C(=C1)C1=CC=CC3=C1C2=CC=C3,C1=CC2=C3C(=C1)C=CC1=CC=CC(=C31)C=C2,failed,0,
C1=CC2=C3C(=C1)C=CC1=CC=CC(=C31)C=C2,C1=CC=C2C(=C1)C=CC1=C2C=CC2=CC=CC=C12,failed,0,
C1=CC=C2C(=C1)C=CC1=CC=CC=C21,C1=CC2=C3C(=C1)C=CC1=CC=CC(=C31)C=C2,failed,0,
C1=CC=C2C(=C1)C1=CC=CC3=C1C2=CC=C3,C1=CC=C2C(=C1)C=CC1=C2C=CC2=CC=CC=C12,failed,0,
C1=CC=C2C(=C1)C1=CC=CC3=C1C2=CC=C3,C1CC2=CC=CC3=C2C1=CC=C3,failed,0,
C1=CC=C2C(=C1)C=CC1=CC=CC=C21,C1=CC=C2C(=C1)C1=CC=CC3=C1C2=CC=C3,failed,0,
C1=CC=C2C(=C1)C=CC1=CC=CC=C21,C1=CC=C2C(=C1)C=CC1=C2C=CC2=CC=CC=C12,failed,0,
C1=CC=C2C(=C1)C=CC1=CC=CC=C21,CC1=C2C(=CC=C1)C=CC1=CC=CC(=C21)C,failed,0,
C1CC2=CC=CC3=C2C1=CC=C3,CC1=CC2=C(C=C1)C=CC(=C2)C,failed,0,
C1CC2=CC=CC3=C2C1=CC=C3,CC1=CC2=CC=CC=C2C=C1,failed,0,
C1=CC=C(C=C1)C1=CC=CC=C1,C1C2=CC=CC=C2C2=CC=CC=C12,failed,0,
C1=CC=C2C=CC=CC2=C1,C1C2=CC=CC=C2C2=CC=CC=C12,failed,0,
C1=CC=C2C=CC=CC2=C1,CC1=CC2=CC=CC=C2C=C1,failed,0,
NC(=O)C1=CC=CC=C1O,CC(=O)OC1=CC=CC=C1C(O)=O,failed,0,
OC1=C(Cl)C(=CC=C1)Cl,OC1=C(Cl)C=C(Cl)C=C1,failed,0,
ClC1=CC=C(Cl)C=C1,C1=CC=C2C=CC=CC2=C1,failed,0,
ClC1=CC=C(Cl)C=C1,C1=CC=C(C=C1)C1=CC=CC=C1,failed,0,
C1=CC=C2C=CC=CC2=C1,C1=CC=C(C=C1)C1=CC=CC=C1,failed,0,
N1C=CN=C1,N1C=NC=N1,failed,0,
S1C2=CC=CC=C2C2=CC=CC=C12,O1C2=CC=CC=C2C2=CC=CC=C12,failed,0,
C1=CC=C2C(=C1)C=CC1=CC=CC=C21,C1=CC=C2C=CC=CC2=C1,failed,0,
C1=CC=C(C=C1)C1=CC=CC=C1,O1C2=CC=CC=C2C2=CC=CC=C12,failed,0,
NC1=CC2=CC=CC=C2C=C1,CC1=CC(=C(C=C1)[N+](=O)[O-])[N+](=O)[O-],failed,0,
CC1=C(C=C(C=C1)[N+](=O)[O-])[N+](=O)[O-],O=[N+]([O-])C1=CC(=CC=C1)[N+](=O)[O-],failed,0,
O=[N+]([O-])C1=CC(=CC=C1)[N+](=O)[O-],OC1=C(C=C(C=C1)[N+](=O)[O-])[N+](=O)[O-],failed,0,
OC1=C(C=C(C=C1[N+](=O)[O-])[N+](=O)[O-])[N+](=O)[O-],O=[N+]([O-])C1=CC(=CC(=C1)[N+](=O)[O-])[N+](=O)[O-],failed,0,
CC1=C(C=C(C=C1)[N+](=O)[O-])[N+](=O)[O-],CC1=C([N+](=O)[O-])C(=C(C=C1[N+](=O)[O-])[N+](=O)[O-])C,failed,0,
COC1=C(C=C(C=C1[N+](=O)[O-])[N+](=O)[O-])[N+](=O)[O-],CC1=C(C=C(C=C1[N+](=O)[O-])[N+](=O)[O-])[N+](=O)[O-],failed,0,
C(C1=CC=CC=C1)C1=CC=CC=C1,C1CC2=CC=CC3=C2C1=CC=C3,failed,0,
C(C1=CC=CC=C1)C1=CC=CC=C1,C1C2=CC=CC=C2C2=CC=CC=C12,failed,0,
C1CC2=CC=CC3=C2C1=CC=C3,O1C2=CC=CC=C2C2=CC=CC=C12,failed,0,
C1=CC=C(C=C1)C(C1=CC=CC=C1)C1=CC=CC=C1,C1=CC=C2C=CC=CC2=C1,failed,0,
CC1=CC2=C(C=C1)C=CC(=C2)C,CC1=CC2=C(C=C1)C=C(C)C=C2,failed,0,
C1CC2=CC=CC3=C2C1=CC=C3,CC1=CC2=C(C=C1)C=C(C)C=C2,failed,0,
C1=CC=C2C=CC=CC2=C1,CC1=CC2=C(C=C1)C=C(C)C=C2,failed,0,
CCCCCCCCCC(O)=O,CCCCCCCCCCCC(O)=O,failed,0,
CC1=CC=C(C)C2=CC=CC=C12,CC1=CC2=C(C=C1)C=C(C)C=C2,failed,0,
CC1=C2C=CC=C(C)C2=CC=C1,CC1=CC2=C(C=C1)C=C(C)C=C2,failed,0,
CC1=CC2=CC=CC(=C2C=C1)C,CC1=CC2=C(C=C1)C=C(C)C=C2,failed,0,
CC1=CC2=CC=CC=C2C=C1C,CC1=CC2=C(C=C1)C=C(C)C=C2,failed,0,
C1=CC=C2C=CC=CC2=C1,ClC1=CC=CC=C1Cl,failed,0,
CC12CCC3C(CCC4=C3C=CC(=C4)O)C1CCC2O,OC(=O)C1=CC2=CC=CC=C2C=C1,failed,0,
C1=CC2=CC3=CC=CC=C3C=C2C=C1,C1=CC2=C3C(=C1)C=CC1=CC=CC(=C31)C=C2,failed,0,
OC(=O)C1=CC=CC=C1,OC1=CC=CC2=C1N=CC=C2,failed,0,
COC(=O)OC,O=C(OC1=CC=CC=C1)OC1=CC=CC=C1,failed,0,
O=C(C1=CC=CC=C1)C(=O)C1=CC=CC=C1,C1=CC=C(C=C1)N=NC1=CC=CC=C1,failed,0,
OC(=O)CCCCC(O)=O,OC(=O)CCCCCC(O)=O,failed,0,
C1CC2=CC=CC3=C2C1=CC=C3,C1=CC2=CC3=CC=CC=C3C=C2C=C1,failed,0,
O=C1C2=CC=CC=C2C2=CC=CC=C12,C1=CC2=CC3=CC=CC=C3C=C2C=C1,failed,0,
O=C1C2=CC=CC=C2C2=CC=CC=C12,O1C2=CC=CC=C2C2=CC=CC=C12,failed,0,
ClC1=NC(=CC=C1)Cl,IC1=CC=C(I)C=C1,failed,0,
OC(=O)C1=CC(=CC=C1)O,OC(=O)C1=CC=C(O)C=C1,failed,0,
OC(=O)C1=CC=C(C=C1)[N+](=O)[O-],OC(=O)C1=CC(=CC=C1)[N+](=O)[O-],failed,0,
OC(=O)C1=CC=CC=C1,CC1=CC=C(C=C1)C(O)=O,failed,0,
OC(=O)CC1=CC=CC=C1,OC(=O)CCl,failed,0,
C1=CC2=CC3=CC=CC=C3C=C2C=C1,C1=CC=C2C(=C1)C=CC1=C2C=CC2=CC=CC=C12,failed,0,
C1=CC=C2C=CC=CC2=C1,C1=CC2=C3C(=C1)C=CC1=CC=CC(=C31)C=C2,failed,0,
C1=CC=C2C(=C1)C1=CC=CC3=C1C2=CC=C3,C1C2=CC=CC=C2C2=CC=CC=C12,failed,0,
C1=CC=C2C=CC=CC2=C1,C1=CC=C2C(=C1)C1=CC=CC3=C1C2=CC=C3,failed,0,
C1=CC=C2C=CC=CC2=C1,C1=CC=C2C(=C1)C=CC1=C2C=CC2=CC=CC=C12,failed,0,
C1=CC=C2C(=C1)C=CC1=CC=CC=C21,C1C2=CC=CC=C2C2=CC=CC=C12,failed,0,
C1=CC=C2C(=C1)C=CC1=CC=CC=C21,C1=CC=C(C=C1)C1=CC=CC=C1,failed,0,
O1C2=CC=CC=C2C2=CC=CC=C12,C1C2=CC=CC=C2C2=CC=CC=C12,failed,0,
S1C2=CC=CC=C2C2=CC=CC=C12,C1C2=CC=CC=C2C2=CC=CC=C12,failed,0,
C1=CC2=CC3=CC=CC=C3C=C2C=C1,OC1=CC=CC=C1[N+](=O)[O-],failed,0,
CC1=C(C=C(C=C1[N+](=O)[O-])[N+](=O)[O-])[N+](=O)[O-],CC1=C([N+](=O)[O-])C(=C(C=C1[N+](=O)[O-])[N+](=O)[O-])C,failed,0,
CC1=C(C=C(C=C1[N+](=O)[O-])[N+](=O)[O-])[N+](=O)[O-],OC1=C(C=C(C=C1[N+](=O)[O-])[N+](=O)[O-])[N+](=O)[O-],failed,0,
CC1=C(C)C=C(C)C(=C1)C,C1=CC=C(C=C1)C1=CC=CC=C1,failed,0,
C(C1=CC=CC=C1)C1=CC=CC=C1,C1=CC=C2C=CC=CC2=C1,failed,0,
CC1=C2C(=CC=CC2=CC=C1)C,CC1=CC2=C(C=C1)C=C(C)C=C2,failed,0,
C1=CC2=CC3=CC=CC=C3C=C2C=C1,C1=CC=C2C(=C1)C=C1C=CC3=C4C(=CC=C3)C=CC2=C14,failed,0,
OC(=O)CCCC(O)=O,OC(=O)CCCCC(O)=O,failed,0,
CC12CCC(CC1)C(C)(C)O2,CC1=CC2=CC=CC=C2N1,failed,0,
CC12CCC(CC1)C(C)(C)O2,CC1(C)C2CCC(C2)C1=C,failed,0,
OC(=O)C1=CC=CC=C1,OC(=O)CCCCCC(O)=O,failed,0,
ClC1=NC(=CC=C1)Cl,BrC1=CC=C(Br)C=C1,failed,0,
CC(C)CC1=CC=C(C=C1)C(C)C(O)=O,CCCCCCCCCCCC(O)=O,failed,0,
COC1=CC(=CC(=C1)OC)C(O)=O,OC(=O)C1=CC=C(C=C1)C#N,failed,0,
CC1=CC=C(C=C1)C(O)=O,COC1=CC=C(C=C1)C(O)=O,failed,0,
OC(=O)C1=CC=CC=C1[N+](=O)[O-],OC(=O)C1=CC(=CC=C1)[N+](=O)[O-],failed,0,
OC(=O)C1=CC=CC=C1[N+](=O)[O-],OC(=O)C1=CC=C(C=C1)[N+](=O)[O-],failed,0,
C1CC2=CC=CC3=C2C1=CC=C3,CC1=CC=CC=C1C,failed,0,
OC1=C(Cl)C=C(Cl)C=C1,OC1=C(Cl)C=CC=C1Cl,failed,0,
ClC1=CC=C(Cl)C=C1,C1=CC=C(C=C1)C(C1=CC=CC=C1)C1=CC=CC=C1,failed,0,
N1C=CC=N1,N1C=CN=C1,failed,0,
N1C=CC=N1,N1N=CN=N1,failed,0,
N1C=CN=C1,N1N=CC=N1,failed,0,
C1=CC=C2C=CC=CC2=C1,OC1=CC=CC=C1[N+](=O)[O-],failed,0,
NC1=CC=CC2=CC=CC=C12,CC1=CC(=C(C=C1)[N+](=O)[O-])[N+](=O)[O-],failed,0,
CC1(C)C2CCC1(C)C(=O)C2,OC1=C(C=C(C=C1[N+](=O)[O-])[N+](=O)[O-])[N+](=O)[O-],failed,0,
CC1=C([N+](=O)[O-])C(=C(C=C1[N+](=O)[O-])[N+](=O)[O-])C,O=[N+]([O-])C1=CC(=CC=C1)[N+](=O)[O-],failed,0,
CC1=CC=C(N)C=C1,CC1=C(C=CC=C1[N+](=O)[O-])[N+](=O)[O-],failed,0,
C(C1=CC=CC=C1)C1=CC=CC=C1,O1C2=CC=CC=C2C2=CC=CC=C12,failed,0,
C1=CC=C2C(=C1)C=CC1=CC=CC=C21,C(C1=CC=CC=C1)C1=CC=CC=C1,failed,0,
CC(=O)NC1=CC=CC=C1,CCOC1=CC=C(NC(C)=O)C=C1,failed,0,
CC1=C(C)C=C(C)C(=C1)C,C1=CC=C2C=CC=CC2=C1,failed,0,
C1=CC=C(C=C1)C(C1=CC=CC=C1)C1=CC=CC=C1,C1=CC=C2C(=C1)C=CC1=CC=CC=C21,failed,0,
C1=CC=C2C(=C1)C=CC1=CC=CC=C21,ClC1=CC=CC=C1Cl,failed,0,
NC(=O)N1C2=CC=CC=C2C=CC2=CC=CC=C12,NC(=O)C1=CC=CC=N1,failed,0,
OC(=O)CCCCCC(O)=O,OC(=O)CCCC(O)=O,failed,0,
O=C1C2=CC=CC=C2C2=CC=CC=C12,C1C2=CC=CC=C2C2=CC=CC=C12,failed,0,
N(C1=CC=CC=C1)C1=CC=CC=C1,C1=CC=C2C=CC=CC2=C1,failed,0,
CC1=NC=C(CO)C(=C1O)CO,OC(=O)C1=CN=CC=C1,failed,0,
OC1=CC=C(C=O)C=C1,CC1=C(N)C=CC(=C1)[N+](=O)[O-],failed,0,
OC(=O)C1=CC=C(Cl)C=C1,OC(=O)C1=CC=C(O)C=C1,failed,0,
OC(=O)C1=CC=CC=C1Cl,OC(=O)C1=CC=C(Cl)C=C1,failed,0,
OC(=O)CCl,OC(=O)C(Cl)Cl,failed,0,
NC(=O)C1=CC=C(O)C=C1,OC(=O)C1=CC=CC=C1,failed,0,
NC1=CC(=CC=C1)[N+](=O)[O-],O=[N+]([O-])C1=CC(=CC=C1)[N+](=O)[O-],failed,0,
NC(N)=O,CC(=O)OC1=CC=CC=C1C(O)=O,failed,0,
NC1=CC(=CC=C1)N,O=[N+]([O-])C1=CC(=CC=C1)[N+](=O)[O-],failed,0,
CC1=C([N+](=O)[O-])C(=C(C=C1[N+](=O)[O-])[N+](=O)[O-])C,OC1=C(C=C(C=C1[N+](=O)[O-])[N+](=O)[O-])[N+](=O)[O-],failed,0,
COC1=CC(=CC(=C1)OC)C(O)=O,CC1=C(C)C=C(C=C1)C(O)=O,failed,0,
O=C1C2=CC=CC=C2C2=CC=CC=C12,C1CC2=CC=CC3=C2C1=CC=C3,failed,0,
CC1=CC=[N+]([O-])C=C1,BrC1=CC=C(Br)C=C1,failed,0,
CCN(C(=O)N(CC)C1=CC=CC=C1)C1=CC=CC=C1,CCNC1=CC=C(C=C1)[N+](=O)[O-],failed,0,
NC1=CC(=CC(=C1)N)C(O)=O,OC(=O)C1=CC=C(C=C1)C#N,failed,0,
NC1=CC(=CC(=C1)N)C(O)=O,COC1=CC(=CC(=C1)OC)C(O)=O,failed,0,
OC(=O)C1=CC(=CC(=C1)[N+](=O)[O-])[N+](=O)[O-],OC(=O)C1=CC=CC=C1,failed,0,
OC(=O)C1=CC=CC=C1,NC1=CC=CC(=C1)C(O)=O,failed,0,
OC(=O)C1=CC(=CC=C1)[N+](=O)[O-],OC(=O)C1=CC=CC=C1O,failed,0,
CC1=CC=C(C=C1)C(O)=O,OC(=O)CCl,failed,0,
C1CC2=CC=CC3=C2C1=CC=C3,CC1=C(C)C=C(C)C(=C1)C,failed,0,
C1=CC=C2C=CC=CC2=C1,CC1=CC=C(C=C1)[N+](=O)[O-],failed,0,
C1=CC=C(C=C1)C1=CC=CC=C1,OC1=CC=CC=C1[N+](=O)[O-],failed,0,
CC1(C)C2CCC1(C)C(=O)C2,OC1=CC=CC=C1[N+](=O)[O-],failed,0,
CC1=CC=C(N)C=C1,O=[N+]([O-])C1=CC(=CC=C1)[N+](=O)[O-],failed,0,
CC1=C(C)C=C(C)C(=C1)C,C(C1=CC=CC=C1)C1=CC=CC=C1,failed,0,
CC1=C(C)C=C(C)C(=C1)C,C1=CC=C(C=C1)C(C1=CC=CC=C1)C1=CC=CC=C1,failed,0,
CC12CCC3C(CCC4=C3C=CC(=C4)O)C1CCC2O,CN1C=NC2=C1C(=O)NC(=O)N2C,failed,0,
CC(C)CC1=CC=C(C=C1)C(C)C(O)=O,ClC1=CC=C(Br)C=C1,failed,0,
CC1=NC=C(CO)C(=C1O)CO,NNC(=O)C1=CC=NC=C1,failed,0,
OC(=O)C1=CC=CC=C1,NC1=CC=C(C=C1)C(O)=O,failed,0,
OC(=O)C1=CC=CC=C1[N+](=O)[O-],OC(=O)C1=CC=CC=C1O,failed,0,
OC(=O)C1=CC=CC=C1,OC(=O)CCl,failed,0,
N1C2=CC=CC=C2C2=CC=CC=C12,OC1=CC=CC(=C1)[N+](=O)[O-],failed,0,
CC1(C)C2CCC1(C)C(=O)C2,OC1=C(C=C(C=C1)[N+](=O)[O-])[N+](=O)[O-],failed,0,
CN(C)C1=C(C)N(C)N(C2=CC=CC=C2)C1=O,CN1N(C(=O)C=C1C)C1=CC=CC=C1,failed,0,
CC1=C(C)C=C(C)C(=C1)C,C1=CC=C2C(=C1)C=CC1=CC=CC=C21,failed,0,
C1=CC=C2C=CC=CC2=C1,ClC1=CC=C(C=C1)[N+](=O)[O-],failed,0,
CC12CCC3C(CCC4=C3C=CC(=C4)O)C1CCC2O,OC1=CC(=CC(=C1)O)O,failed,0,
O=C(C1=CC=CC=C1)C(=O)C1=CC=CC=C1,C1=CC=C(C=C1)C1=CC=CC=C1,failed,0,
OC(=O)CC(O)(CC(O)=O)C(O)=O,OC(C(O)C(O)=O)C(O)=O,failed,0,
OC(=O)CCCCCC(O)=O,CC(C(C)C(O)=O)C(O)=O,failed,0,
OC(=O)CCCCCC(O)=O,CC(C)(CC(O)=O)C(O)=O,failed,0,
OC(=O)CCCC(O)=O,CC(C(C)C(O)=O)C(O)=O,failed,0,
OC(=O)CCCC(O)=O,CC(C)(CC(O)=O)C(O)=O,failed,0,
N1C2=CC=CC=C2C2=CC=CC=C12,C1=CC2=C3C(=C1)C=CC1=CC=CC(=C31)C=C2,failed,0,
N1C2=CC=CC=C2C2=CC=CC=C12,C1=CC=C2C(=C1)C1=CC=CC3=C1C2=CC=C3,failed,0,
N1C2=CC=CC=C2C2=CC=CC=C12,C1=CC=C2C(=C1)C=CC1=C2C=CC2=CC=CC=C12,failed,0,
NC1=CC=C(C=C1)[N+](=O)[O-],O=[N+]([O-])C1=CC(=CC(=C1)[N+](=O)[O-])[N+](=O)[O-],failed,0,
CC1=CC=C(N)C=C1,O=[N+]([O-])C1=CC=C(C=C1)[N+](=O)[O-],failed,0,
CC1=CC=C(N)C=C1,CC1=CC(=C(C=C1)[N+](=O)[O-])[N+](=O)[O-],failed,0,
CN(C)C1=C(C)N(C)N(C2=CC=CC=C2)C1=O,CCOC1=CC=C(NC(C)=O)C=C1,failed,0,
OC(=O)C1=CC=CC=C1,OC(=O)CCCCC(O)=O,failed,0,
CC(=O)NC1=CC=CC=C1,OC(=O)CCC(O)=O,failed,0,
OC(=O)CCCCCCC(O)=O,CC(C(C)C(O)=O)C(O)=O,failed,0,
OC(=O)CCCCCCC(O)=O,CC(C)(CC(O)=O)C(O)=O,failed,0,
OC(=O)CCCCCCCC(O)=O,CC(C(C)C(O)=O)C(O)=O,failed,0,
OC(=O)CCCCCCCC(O)=O,CC(C)(CC(O)=O)C(O)=O,failed,0,
CC12CCC3C(CCC4=C3C=CC(=C4)O)C1CCC2O,CN1C(=O)N(C)C2=C(NC=N2)C1=O,failed,0,
NC(=O)C1=CN=CC=C1,CC(=O)NC1=CC=CC=C1,failed,0,
C1=CC2=CC3=CC=CC=C3C=C2C=C1,N1C2=CC=CC=C2C2=CC=CC=C12,failed,0,
CCOC1=CC=C(NC(C)=O)C=C1,NC(=O)C1=CC=CC=C1,failed,0,
C1=CC=C2C(=C1)C=CC1=CC=CC=C21,OC1=C(C=C(C=C1)[N+](=O)[O-])[N+](=O)[O-],failed,0,
NC1=CC=C(C=C1)C(O)=O,NC1=CC=C(C=C1)S(=O)(=O)NC1=NC=CS1,failed,0,
CC1(C)C2CCC1(C)C(=O)C2,CC(C)(CO)CO,failed,0,
CC(=O)C1CCC2C3CCC4=CC(=O)CCC4(C)C3CCC12C,CN1C=NC2=C1C(=O)NC(=O)N2C,failed,0,
OC(=O)CCCC(O)=O,COC1=CC2=C(C=C1)N(C(=C2CC(O)=O)C)C(=O)C1=CC=C(Cl)C=C1,failed,0,
CC(=O)NC1=CC=C(O)C=C1,OCC(O)C1OC(=O)C(=C1O)O,failed,0,
CC1=CC=[N+]([O-])C=C1,IC1=CC=C(I)C=C1,failed,0,
OC(=O)CCCCCCCCC(O)=O,CC(C(C)C(O)=O)C(O)=O,failed,0,
OC(=O)CCCCCCCCC(O)=O,CC(C)(CC(O)=O)C(O)=O,failed,0,
NC1=CC=CC=C1N,OC1=CC=CC=C1[N+](=O)[O-],failed,0,
C1=CC2=CC3=CC=CC=C3C=C2C=C1,OC1=C(C=C(C=C1)[N+](=O)[O-])[N+](=O)[O-],failed,0,
C1=CC=C2C=CC=CC2=C1,N1C=CC2=CC=CC=C12,failed,0,
OC(=O)CCCC(O)=O,OC(=O)C1=CC=CC=C1,failed,0,
C1CC2=CC=CC3=C2C1=CC=C3,O=C(C1=CC=CC=C1)C(=O)C1=CC=CC=C1,failed,0,
N1C=CC2=CC=CC=C12,C1=CC=C(C=C1)C1=CC=CC=C1,failed,0,
OC(=O)C1=CC(=CC=C1)[N+](=O)[O-],O=[N+]([O-])C1=CC(=CC=C1)[N+](=O)[O-],failed,0,
CC1=C(C)C=C(C=C1)C(O)=O,NC1=CC=C(C=C1)C(O)=O,failed,0,
CC(=O)NC1=CC=CC=C1,CC(=O)C1=CC(=CC=C1)O,failed,0,
NC(N)=O,NC1=CC(=CC=C1)O,failed,0,
N1C=CC2=CC=CC=C12,CC1=CC2=CC=CC=C2C=C1,failed,0,
C1=CC2=CC3=CC=CC=C3C=C2C=C1,CC1=C(C=C(C=C1)[N+](=O)[O-])[N+](=O)[O-],failed,0,
C1=CC=C2C(=C1)C=CC1=CC=CC=C21,CC1=C(C=C(C=C1)[N+](=O)[O-])[N+](=O)[O-],failed,0,
C1C2=CC=CC=C2C2=CC=CC=C12,OC1=C(C=C(C=C1)[N+](=O)[O-])[N+](=O)[O-],failed,0,
CCOC(=O)C1=CC=C(N)C=C1,NC1=CC=C(C=C1)S(=O)(=O)NC1=NC=CS1,failed,0,
CC12CCC3C(CCC4=C3C=CC(=C4)O)C1CCC2O,O=C1NC(=O)C2=CC=CC=C12,failed,0,
OC(=O)CC(O)(CC(O)=O)C(O)=O,COC1=CC2=C(C=C1)N(C(=C2CC(O)=O)C)C(=O)C1=CC=C(Cl)C=C1,failed,0,
C1=CC=C(C=C1)C(C1=CC=CC=C1)C1=CC=CC=C1,OC1=CC=CC=C1[N+](=O)[O-],failed,0,
OC1=CC=CC(=C1)C=O,OC1=CC=CC=C1[N+](=O)[O-],failed,0,
OC1=CC=CC=C1[N+](=O)[O-],NC1=CC=C(N)C=C1,failed,0,
C1=CC=C2C(=C1)C=CC1=CC=CC=C21,CC1=C(C=CC=C1[N+](=O)[O-])[N+](=O)[O-],failed,0,
OC1=CC=CC(=C1)C=O,O=[N+]([O-])C1=CC=C(C=C1)[N+](=O)[O-],failed,0,
C1=CC=C2C(=C1)C=CC1=CC=CC=C21,CC1=CC(=C(C=C1)[N+](=O)[O-])[N+](=O)[O-],failed,0,
C1C2=CC=CC=C2C2=CC=CC=C12,CC1=C(C=CC=C1[N+](=O)[O-])[N+](=O)[O-],failed,0,
C1=CC2=CC3=CC=CC=C3C=C2C=C1,CC1=C(C=CC=C1[N+](=O)[O-])[N+](=O)[O-],failed,0,
C1C2=CC=CC=C2C2=CC=CC=C12,CC1=C(C=C(C=C1)[N+](=O)[O-])[N+](=O)[O-],failed,0,
NC(=O)C1=CC=CC=C1,OC1=CC=CC=C1[N+](=O)[O-],failed,0,
COC1=CC2=C(C=C1)N(C(=C2CC(O)=O)C)C(=O)C1=CC=C(Cl)C=C1,OC(=O)CCC(O)=O,failed,0,
NC(=O)C1=CN=CC=C1,CC1=NC=CN1,failed,0,
C1=CC2=CC3=CC=CC=C3C=C2C=C1,O=[N+]([O-])C1=CC(=CC=C1)[N+](=O)[O-],failed,0,
C1=CC2=CC3=CC=CC=C3C=C2C=C1,CC1=CC(=C(C=C1)[N+](=O)[O-])[N+](=O)[O-],failed,0,
COC1=CC2=C(C=C1)N(C(=C2CC(O)=O)C)C(=O)C1=CC=C(Cl)C=C1,OC(CC(O)=O)C(O)=O,failed,0,
COC1=CC2=C(C=C1)N(C(=C2CC(O)=O)C)C(=O)C1=CC=C(Cl)C=C1,OC(=O)CC(O)=O,failed,0,
NC(=O)C1=CC=NC=C1,NC(=O)CCC(N)=O,failed,0,
C1=CC=C2C(=C1)C=CC1=CC=CC=C21,O=[N+]([O-])C1=CC(=CC=C1)[N+](=O)[O-],failed,0,
C1=CC=C2C(=C1)C=CC1=CC=CC=C21,O=[N+]([O-])C1=CC=C(C=C1)[N+](=O)[O-],failed,0,
OC1=CC=CC(=C1)C=O,CC1=C(C=C(C=C1)[N+](=O)[O-])[N+](=O)[O-],failed,0,
C1=CC2=CC3=CC=CC=C3C=C2C=C1,CC1=C(C=C(C=C1[N+](=O)[O-])[N+](=O)[O-])[N+](=O)[O-],failed,0,
CCC1(C(=O)NC(=O)NC1=O)C1=CC=CC=C1,CC(=O)NC1=CC=C(O)C=C1,failed,0,
CC(=O)NC1=CC=C(O)C=C1,NC(N)=O,failed,0,
CC(=O)NC1=CC=CC=C1,CC(=O)C1=CC=C(O)C=C1,failed,0,
N#CCCC#N,CC(C)(CO)CO,failed,0,
NC(N)=O,NC1=NC2=CC=CC=C2S1,failed,0,
OC1=C(C=C(C=C1)[N+](=O)[O-])[N+](=O)[O-],CC(=O)NC1=CC=CC=C1,failed,0,
OC1=CC=CC(=C1)C=O,O=[N+]([O-])C1=CC(=CC=C1)[N+](=O)[O-],failed,0,
C1=CC2=CC3=CC=CC=C3C=C2C=C1,O=[N+]([O-])C1=CC=C(C=C1)[N+](=O)[O-],failed,0,
C1C2=CC=CC=C2C2=CC=CC=C12,CC1=CC(=C(C=C1)[N+](=O)[O-])[N+](=O)[O-],failed,0,
C1CC2=CC=CC3=C2C1=CC=C3,CC1=C(C=CC=C1[N+](=O)[O-])[N+](=O)[O-],failed,0,
OC1=CC=CC(=C1)C=O,CC1=C(C=C(C=C1[N+](=O)[O-])[N+](=O)[O-])[N+](=O)[O-],failed,0,
CC12CCC3C(CCC4=C3C=CC(=C4)O)C1CCC2O,C1=CC=C2C=CC=CC2=C1,failed,0,
OC1=CC=CC(=C1)C=O,C1=CC=C(C=C1)C1=CC=CC=C1,failed,0,
NC(=O)C1=CN=CC=C1,CC(C(O)=O)C1=CC(=CC=C1)C(=O)C1=CC=CC=C1,failed,0,
CC(C)C1=C(O)C=C(C)C=C1,C1=CC=C2C=CC=CC2=C1,failed,0,
C1C2=CC=CC=C2C2=CC=CC=C12,O=[N+]([O-])C1=CC(=CC=C1)[N+](=O)[O-],failed,0,
C1C2=CC=CC=C2C2=CC=CC=C12,O=[N+]([O-])C1=CC=C(C=C1)[N+](=O)[O-],failed,0,
OC1=CC=C(O)C=C1,NC1=CC=C(C=C1)[N+](=O)[O-],failed,0,
CC(=O)NC1=CC=CC=C1,CC(=O)C1=CC=C(N)C=C1,failed,0,
NC(=O)CC#N,CC(=O)C1=CC=C(N)C=C1,failed,0,
C1=CC=C2C=CC=CC2=C1,OC(=O)CC1=CC=CC=C1,failed,0,
C1=CC=C2C=CC=CC2=C1,NC1=CC=CC2=CC=CC=C12,failed,0,
COC1=C(O)C=CC(=C1)C=O,O=[N+]([O-])C1=CC(=CC=C1)[N+](=O)[O-],failed,0,
OC1=CC=CC2=CC=CC=C12,C1=CC=C2C=CC=CC2=C1,failed,0,
CC(=O)NC1=CC=CC=C1,O=[N+]([O-])C1=CC(=CC=C1)[N+](=O)[O-],failed,0,
C1=CC=C2C=CC=CC2=C1,COC1=C(O)C=CC(=C1)C=O,failed,0,
N(C1=CC=CC=C1)C1=CC=CC=C1,OC1=CC=CC2=CC=CC=C12,failed,0,
C1CC2=CC=CC3=C2C1=CC=C3,CC1=CC(=C(C=C1)[N+](=O)[O-])[N+](=O)[O-],failed,0,
N1C2=CC=CC=C2SC2=CC=CC=C12,OC1=CC2=CC=CC=C2C=C1,failed,0,
C1=CC=C2C=CC=CC2=C1,OC1=CC2=CC=CC=C2C=C1,failed,0,
C1=CC=C2C=CC=CC2=C1,OC1=CC=C(C=C1)[N+](=O)[O-],failed,0,
CC12CCC3C(CCC4=C3C=CC(=C4)O)C1CCC2O,BrC1=CC=CC=C1,failed,0,
NC1=CC(=CC(=C1)N)C(O)=O,CC1=C(C)C=C(C=C1)C(O)=O,failed,0,
C(C1=CC=CC=C1)C1=CC=CC=C1,OC1=C(C=C(C=C1[N+](=O)[O-])[N+](=O)[O-])[N+](=O)[O-],failed,0,
C1=CC=C2C(=C1)C=CC1=CC=CC=C21,OC1=CC=C(C=C1)[N+](=O)[O-],failed,0,
C1=CC2=CC3=CC=CC=C3C=C2C=C1,OC1=CC=C(C=C1)[N+](=O)[O-],failed,0,
CC1(C)C2CCC1(C)C(=O)C2,CC(N)(CO)CO,failed,0,
CC1=NC=CN1,CCCCCCCCCCCCO,failed,0,
C1=CC=C2C=CC=CC2=C1,OC1=CC=CC=C1,failed,0,
C1=CC=C2C=CC=CC2=C1,OC1=CC=CC=C1O,failed,0,
COC1=C(O)C=CC(=C1)C=O,C1CC2=CC=CC3=C2C1=CC=C3,failed,0,
C1=CC=C2C=CC=CC2=C1,NCCCCCCN,failed,0,
C1=CC=C2C=CC=CC2=C1,NCCCCCCCCN,failed,0,
CC1=C(C=C(C=C1[N+](=O)[O-])[N+](=O)[O-])[N+](=O)[O-],CC1=CC(=CC=C1)C,failed,0,
C1=CC=C(C=C1)C1=CC=CC=C1,OC1=CC=CC(=C1)[N+](=O)[O-],failed,0,
C(C1=CC=CC=C1)C1=CC=CC=C1,OC1=CC=C(C=C1)[N+](=O)[O-],failed,0,
CC12CCC3C(CCC4=C3C=CC(=C4)O)C1CCC2O,C1=CC2=C3C(=C1)C1=CC=CC4=C1C(=CC=C4)C3=CC=C2,failed,0,
ClC1=C(Cl)C=C(Cl)C(=C1)Cl,OC1=CC=CC2=CC=CC=C12,failed,0,
N#CCCC#N,OC1=CC=CC2=C1N=CC=C2,failed,0,
N#CCCC#N,NC(N)=O,failed,0,
C1=CC=C(C=C1)C1=CC=CC=C1,CC(C)(C)CO,failed,0,
ClC1=C(Cl)C=C(Cl)C(=C1)Cl,OC1=CC2=CC=CC=C2C=C1,failed,0,
C(C1=CC=CC=C1)C1=CC=CC=C1,OC1=CC=CC(=C1)[N+](=O)[O-],failed,0,
CC1(C)C2CCC1(C)C(=O)C2,N#CCCC#N,failed,0,
CC12CCC3C(CCC4=C3C=CC(=C4)O)C1CCC2O,C1=CC2=C3C4=C1C=CC1=C4C4=C(C=C1)C=CC1=C4C3=C(C=C2)C=C1,failed,0,
COC1=CC2=C(C=C1)N(C(=C2CC(O)=O)C)C(=O)C1=CC=C(Cl)C=C1,NC(N)=O,failed,0,
C1=CC=C(C=C1)C(C1=CC=CC=C1)C1=CC=CC=C1,OC1=CC=C(C=C1)[N+](=O)[O-],failed,0,
ClC1=C(Cl)C(=C([N+](=O)[O-])C(=C1Cl)Cl)Cl,N#CCCC#N,failed,0,
CC(=O)C1CCC2C3CCC4=CC(=O)CCC4(C)C3CCC12C,FC1=C(F)C2=C(C(=C1F)F)C(=C(F)C(=C2F)F)F,failed,0,
IC1=CC=C(I)C=C1,OC1=CC(=CC=C1)O,failed,0,
OC1=CC(=CC=C1)O,ClC1=CC=C(Br)C=C1,failed,0,
ClC1=CC=C(Br)C=C1,N#CCCC#N,failed,0,
O=[N+]1C=CN([O-])C=C1,BrC1=CC=C(Br)C=C1,failed,0,
O=[N+]1C=CN([O-])C=C1,IC1=CC=C(I)C=C1,failed,0,
C1CC2=CC=CC3=C2C1=CC=C3,N#CCCC#N,failed,0,
COC1=CC2=C(C=C1)N(C(=C2CC(O)=O)C)C(=O)C1=CC=C(Cl)C=C1,NCC(O)=O,failed,0,
CC1=C(C)C=C(C)C(=C1)C,N#CCCC#N,failed,0,
CC(=O)NC1=CC=C(O)C=C1,C1=NC=CN=C1,failed,0,
CC(=O)NC1=CC=C(O)C=C1,OC(CC(O)=O)C(O)=O,failed,0,
CC(=O)NC1=CC=C(O)C=C1,OC(=O)CC(O)=O,failed,0,
CC(=O)NC1=CC=C(O)C=C1,OC(=O)CCCCC(O)=O,failed,0,
CC(=O)NC1=CC=C(O)C=C1,OC(=O)C1=C(O)C=CC(=C1)O,failed,0,
CC(=O)NC1=CC=C(O)C=C1,OC(=O)C1=CC=CC=C1,failed,0,
CC(=O)NC1=CC=C(O)C=C1,CN1C=NC2=C1C(=O)NC(=O)N2C,failed,0,
CC(=O)NC1=CC=C(O)C=C1,OC(=O)CCC(O)=O,failed,0,
CC(=O)NC1=CC=C(O)C=C1,OC(=O)C=CC(O)=O,failed,0,
CC(=O)NC1=CC=C(O)C=C1,O=C1NS(=O)(=O)C2=CC=CC=C12,failed,0,
CC(=O)NC1=CC=C(O)C=C1,NC1=NC(=NC(=N1)N)N,failed,0,
CC(=O)NC1=CC=C(O)C=C1,OC1=CC(=CC=C1)O,failed,0,
CC(=O)NC1=CC=C(O)C=C1,N1C=CN=C1,failed,0,
CC(=O)NC1=CC=C(O)C=C1,OC1=CC=CC2=CC=CC=C12,failed,0,
CC(=O)NC1=CC=C(O)C=C1,NC(=O)C1=CC=NC=C1,failed,0,
CC(=O)NC1=CC=C(O)C=C1,CC1OC(=O)C(C)OC1=O,failed,0,
CC(=O)NC1=CC=C(O)C=C1,O=C1CC2=CC=CC=C2CO1,failed,0,
NC(=O)N1C2=CC=CC=C2C=CC2=CC=CC=C12,CCCCCCCCCCCCCCCCCC(O)=O,failed,0,
NC(=O)N1C2=CC=CC=C2C=CC2=CC=CC=C12,CC(C)CC1=CC=C(C=C1)C(C)C(O)=O,failed,0,
NC(=O)N1C2=CC=CC=C2C=CC2=CC=CC=C12,NC(CCCN=C(N)N)C(O)=O,failed,0,
NC(=O)N1C2=CC=CC=C2C=CC2=CC=CC=C12,NCCCCC(N)C(O)=O,failed,0,
NC(=O)N1C2=CC=CC=C2C=CC2=CC=CC=C12,CCC1=C(O)C(=O)C=CO1,failed,0,
NC(=O)N1C2=CC=CC=C2C=CC2=CC=CC=C12,OC(=O)CCCCC(O)=O,failed,0,
NC(=O)N1C2=CC=CC=C2C=CC2=CC=CC=C12,ON=C(CCC(O)=O)C(O)=O,failed,0,
NC(=O)N1C2=CC=CC=C2C=CC2=CC=CC=C12,OC(=O)C=CC(O)=O,failed,0,
NC(=O)N1C2=CC=CC=C2C=CC2=CC=CC=C12,CNCC(O)C(O)C(O)C(O)CO,failed,0,
NC(=O)N1C2=CC=CC=C2C=CC2=CC=CC=C12,CC(O)C(N)=O,failed,0,
NC(=O)N1C2=CC=CC=C2C=CC2=CC=CC=C12,OC(=O)CC(O)(CC(O)=O)C(O)=O,failed,0,
NC(=O)N1C2=CC=CC=C2C=CC2=CC=CC=C12,OC(CC(O)=O)C(O)=O,failed,0,
NC(=O)N1C2=CC=CC=C2C=CC2=CC=CC=C12,OC(CC(O)=O)C(O)=O,failed,0,
NC(=O)N1C2=CC=CC=C2C=CC2=CC=CC=C12,OCC(O)=O,failed,0,
NC(=O)N1C2=CC=CC=C2C=CC2=CC=CC=C12,NC(CO)(CO)CO,failed,0,
NC(=O)N1C2=CC=CC=C2C=CC2=CC=CC=C12,OC(C(O)C(O)=O)C(O)=O,failed,0,
NC(=O)N1C2=CC=CC=C2C=CC2=CC=CC=C12,NC(=O)CO,failed,0,
CN1C=NC2=C1C(=O)N(C)C(=O)N2C,CC(O)=O,failed,0,
CN1C=NC2=C1C(=O)N(C)C(=O)N2C,OC(=O)C(F)(F)F,failed,0,
CN1C=NC2=C1C(=O)N(C)C(=O)N2C,OC=O,failed,0,
CN1C=NC2=C1C(=O)N(C)C(=O)N2C,CC(O)C(O)=O,failed,0,
CN1C(=O)N(C)C2=C(NC=N2)C1=O,NC1=CC=C(C=C1)S(=O)(=O)C1=CC=C(N)C=C1,failed,0,
CN1C(=O)N(C)C2=C(NC=N2)C1=O,CC(O)C(O)=O,failed,0,
CN1C(=C(O)C2=CC=CC=C2S1(=O)=O)C(=O)NC1=CC=CC=N1,CCCCCCCC(O)=O,failed,0,
CN1C(=C(O)C2=CC=CC=C2S1(=O)=O)C(=O)NC1=CC=CC=N1,OC(=O)C=CC1=CC=CC=C1,failed,0,
CN1C(=C(O)C2=CC=CC=C2S1(=O)=O)C(=O)NC1=CC=CC=N1,COC1=C(O)C=CC(=C1)C=O,failed,0,
CN1C(=C(O)C2=CC=CC=C2S1(=O)=O)C(=O)NC1=CC=CC=N1,OC1=CC=CC=C1O,failed,0,
CN1C(=C(O)C2=CC=CC=C2S1(=O)=O)C(=O)NC1=CC=CC=N1,OC(=O)C1=CC=C(C=C1)C(O)=O,failed,0,
CN1C(=C(O)C2=CC=CC=C2S1(=O)=O)C(=O)NC1=CC=CC=N1,NC1=CC=CC=C1C(O)=O,failed,0,
CN1C(=C(O)C2=CC=CC=C2S1(=O)=O)C(=O)NC1=CC=CC=N1,OC(=O)CCC1=CC=C(O)C=C1,failed,0,
CN1C(=C(O)C2=CC=CC=C2S1(=O)=O)C(=O)NC1=CC=CC=N1,COC1=C(O)C=CC(=C1)C=CC(O)=O,failed,0,
CN1C(=C(O)C2=CC=CC=C2S1(=O)=O)C(=O)NC1=CC=CC=N1,NC1=CC=C(C=C1)C(O)=O,failed,0,
CN1C(=C(O)C2=CC=CC=C2S1(=O)=O)C(=O)NC1=CC=CC=N1,OC(=O)C1CCC(=O)N1,failed,0,
CN1C(=C(O)C2=CC=CC=C2S1(=O)=O)C(=O)NC1=CC=CC=N1,OC(=O)CC(O)(CC(O)=O)C(O)=O,failed,0,
CN1C(=C(O)C2=CC=CC=C2S1(=O)=O)C(=O)NC1=CC=CC=N1,OCC(O)=O,failed,0,
CN1C(=C(O)C2=CC=CC=C2S1(=O)=O)C(=O)NC1=CC=CC=N1,OC(C(O)C(O)=O)C(O)=O,failed,0,
CN1C(=C(O)C2=CC=CC=C2S1(=O)=O)C(=O)NC1=CC=CC=N1,OC(C(O)C(O)=O)C(O)=O,failed,0,
NC(=O)C1=CN=CC=C1,CC1CCC2C(C)C(=O)OC3OC4(C)CCC1C23OO4,failed,0,
NC(=O)C1=CN=CC=C1,CC(=O)SC1CC2=CC(=O)CCC2(C)C2CCC3(C)C(CCC43CCC(=O)O4)C12,failed,0,
NC(=O)C1=CN=CC=C1,COC1=C(OC)C=C2CC(=O)N(CCCN(C)CC3CC4=CC(=C(OC)C=C34)OC)CCC2=C1,failed,0,
NC(=O)C1=CN=CC=C1,CCC(F)(F)C1=CC(=NC2=C1C(=C(S2)C(N)=O)N)N1CCC(CC1)S(C)(=O)=O,failed,0,
NC(=O)C1=CN=CC=C1,CC1(C)CCC2=C(O1)C1=CC=CC=C1C(=O)C2=O,failed,0,
NC(=O)C1=CN=CC=C1,CC(=O)OC1=CC=CC=C1C(=O)NC1=NC=C(S1)[N+](=O)[O-],failed,0,
CC(=O)NC1=NN=C(S1)S(N)(=O)=O,NC1=CC=C(C=C1)C(O)=O,failed,0,
CC(=O)NC1=NN=C(S1)S(N)(=O)=O,NC1=CC=CC=C1C(O)=O,failed,0,
CC(=O)NC1=NN=C(S1)S(N)(=O)=O,OC(=O)C1=CC=CC=C1,failed,0,
CC(=O)NC1=NN=C(S1)S(N)(=O)=O,OC(=O)CC(O)=O,failed,0,
CC(=O)NC1=NN=C(S1)S(N)(=O)=O,OC(=O)C1=CC=CC=C1O,failed,0,
OC(=O)CCCCCCC(O)=O,CC(C(C)C(O)=O)C(O)=O,failed,0,
C(N1C=CN=C1C1=NC=CN1CC1=CC=CC=C1)C1=CC=CC=C1,OC(=O)CCCCC(O)=O,failed,0,
OC(=O)CCCCCCCC(O)=O,CC(C(C)C(O)=O)C(O)=O,failed,0,
OC(=O)CCCC(O)=O,OC(=O)CCCCCCCCC(O)=O,failed,0,
OC(=O)CCCCCCC(O)=O,OC(=O)CCCCC(O)=O,failed,0,
NC1=CN=C(Br)C=N1,OC(=O)CCCCCCC(O)=O,failed,0,
NC(=O)C1=CC=C(N)C=C1,OC(=O)CCCC(O)=O,failed,0,
NC(=O)C1=NC=CN=C1,OC(=O)C=CC(O)=O,failed,0,
OC(=O)CCCCCC(O)=O,CC(CCCC(O)=O)CC(O)=O,failed,0,
C(N1C=CN=C1C1=NC=CN1CC1=CC=CC=C1)C1=CC=CC=C1,OC(=O)CCCCCCCCCCC(O)=O,failed,0,
OC(=O)CCCC(O)=O,CC(C(C)C(O)=O)C(O)=O,failed,0,
OC(=O)CCCCCCCC(O)=O,OC(=O)CCCCCC(O)=O,failed,0,
COC1=C(Cl)C2=C(C(=O)C3(O2)C(C)CC(=O)C=C3OC)C(=C1)OC,OC(=O)CCC(O)=O,failed,0,
NC(=O)C1=CC=C(N)C=C1,OC(=O)CCCCC(O)=O,failed,0,
NC1=NC=C(Br)N=C1Br,OC(=O)CCCCCCCC(O)=O,failed,0,
CCC(N1CCCC1=O)C(N)=O,OC(=O)CCCCC(O)=O,failed,0,
NC(=O)C1=NC=CN=C1,OC(CC(O)=O)C(O)=O,failed,0,
C1=CC=C2C=CC=CC2=C1,OC(=O)CCCCC(O)=O,failed,0,
CCOC(=O)N1CCC(CC1)=C1C2=C(CCC3=C1N=CC=C3)C=C(Cl)C=C2,OC(=O)C=CC(O)=O,failed,0,
NC(=O)C1=NC=CN=C1,OC(C(O)C(O)=O)C(O)=O,failed,0,
OC(=O)CCC(O)=O,OC(=O)CC(O)=O,failed,0,
OC(C(O)C(O)C(O)=O)C(O)C(O)=O,CC(=O)NC1=NC2=C(OC3=NC=NC(=C3)C3=CC=C(C=C3)C(F)(F)F)C=CC=C2S1,failed,0,
CC(C)C1=C(C)N(C)N(C2=CC=CC=C2)C1=O,CCC(C(O)=O)C(O)=O,failed,0,
OC(CC(O)=O)C(O)=O,CC1=NC(=NC(=C1)C)NS(=O)(=O)C1=CC=C(N)C=C1,failed,0,
NC1=NC2=C(S1)C=C(OC(F)(F)F)C=C2,OC(=O)CCCCCCC(O)=O,failed,0,
NC(=O)CN1CCCC1=O,OC(=O)C=CC(O)=O,failed,0,
NC1=NC=C(Br)N=C1Br,OC(=O)CCC(O)=O,failed,0,
NC(=O)C1=NC=CN=C1,OC(=O)CCCCCC(O)=O,failed,0,
COC1=CC2=C(C=C1)N(C(=C2CC(O)=O)C)C(=O)C1=CC=C(Cl)C=C1,OC(=O)C=CC(O)=O,failed,0,
NC1=NC=C(Br)N=C1Br,OC(=O)CCCCCCCCC(O)=O,failed,0,
OC(=O)CCC(O)=O,CC1=NC(=NC(=C1)C)NS(=O)(=O)C1=CC=C(N)C=C1,failed,0,
NC1=NC=C(Br)N=C1Br,OC(=O)CC(O)=O,failed,0,
OC(=O)CCCC(O)=O,CC(CCCC(O)=O)CC(O)=O,failed,0,
C(N1C=CN=C1C1=NC=CN1CC1=CC=CC=C1)C1=CC=CC=C1,OC(=O)CCCCCCC(O)=O,failed,0,
C(N1C=CN=C1C1=NC=CN1CC1=CC=CC=C1)C1=CC=CC=C1,OC(=O)CCC(O)=O,failed,0,
OC(=O)CCCCCCCCC(O)=O,OC(=O)CCCCCCCC(O)=O,failed,0,
OC(=O)CCCCCCCCCCC(O)=O,OC(=O)CCCCCCCCC(O)=O,failed,0,
NC1=CN=C(Br)C=N1,OC(=O)CCC(O)=O,failed,0,
OC(=O)CCCC(O)=O,CC1=NC(=NC(=C1)C)NS(=O)(=O)C1=CC=C(N)C=C1,failed,0,
NC1=NC=C(Br)N=C1Br,OC(=O)CCCCCCC(O)=O,failed,0,
NC1=NC=C(Br)N=C1Br,OC(=O)CCCCCC(O)=O,failed,0,
OC(=O)C1=CC=CC=C1,CC(C(C)C(O)=O)C(O)=O,failed,0,
C(N1C=CN=C1C1=NC=CN1CC1=CC=CC=N1)C1=CC=CC=N1,OC(=O)CCCCCCCC(O)=O,failed,0,
CC1=CC=C(C=C1)C1=CC(=NN1C1=CC=C(C=C1)S(N)(=O)=O)C(F)(F)F,OC(=O)CCCCC(O)=O,failed,0,
NC(=O)CN1CCCC1=O,OC(=O)CCCC(O)=O,failed,0,
OC(=O)CCCCCCCCC(O)=O,CC(C(C)C(O)=O)C(O)=O,failed,0,
NC(=O)C1=NC=CN=C1,[O]C(=O)[C][C]C(=O)C([O])=O,failed,0,
C(N1C=CN=C1C1=NC=CN1CC1=CC=CC=C1)C1=CC=CC=C1,OC(=O)CCCCCCCC(O)=O,failed,0,
OC(C(O)C(O)=O)C(O)=O,CC1=NC(=NC(=C1)C)NS(=O)(=O)C1=CC=C(N)C=C1,failed,0,
OC(=O)CCCCCCC(O)=O,CC(CCCC(O)=O)CC(O)=O,failed,0,
OC(=O)CCCCC(O)=O,CC1=NC(=NC(=C1)C)NS(=O)(=O)C1=CC=C(N)C=C1,failed,0,
CC(C)C1=C(C)N(C)N(C2=CC=CC=C2)C1=O,OC(=O)C=CC(O)=O,failed,0,
NC1=CN=C(Br)C=N1,OC(=O)CCCC(O)=O,failed,0,
NC1=CN=C(Br)C=N1,OC(=O)CCCCCCCCCCC(O)=O,failed,0,
CCCCCCCCCCCCCCCCCC(O)=O,OC(=O)CCCCCCC(O)=O,failed,0,
OC(=O)CCCCCCCCC(O)=O,OC(=O)CCCCCC(O)=O,failed,0,
COC1=CC2=C(C=C1)N(C(=C2CC(O)=O)C)C(=O)C1=CC=C(Cl)C=C1,OC(CC(O)=O)C(O)=O,failed,0,
OC(=O)CCCCCCC(O)=O,OC(=O)CCCCCCCC(O)=O,failed,0,
CCCCCCCCCCCCCCCCCC(O)=O,OC(=O)CCCCCCCCC(O)=O,failed,0,
CCCCCCCCCCCCCCCCCC(O)=O,OC(=O)CCCCC(O)=O,failed,0,
CC(C)C1=C(C)N(C)N(C2=CC=CC=C2)C1=O,OC(=O)C(O)=O,failed,0,
OC(=O)CCCCCCCCC(O)=O,CC(CCCC(O)=O)CC(O)=O,failed,0,
NC(=O)C1=NC=CN=C1,OC(=O)CCCCCCCC(O)=O,failed,0,
OC(=O)CCCCCCCCC(O)=O,OC(=O)CCCCCCC(O)=O,failed,0,
OC(=O)CCCCCCCC(O)=O,OC(=O)CCCCC(O)=O,failed,0,
NC(=O)CN1CCCC1=O,OC(=O)CCC(O)=O,failed,0,
NC1=NC=C(Br)N=C1Br,OC(=O)CCCC(O)=O,failed,0,
OC(=O)CCCCCCCC(O)=O,CC(CCCC(O)=O)CC(O)=O,failed,0,
NC(=O)C1=NC=CN=C1,OC(=O)CCCCCCC(O)=O,failed,0,
COC1=CC2=C(C=C1)N(C(=C2CC(O)=O)C)C(=O)C1=CC=C(Cl)C=C1,OC(C(O)C(O)=O)C(O)=O,failed,0,
NC(=O)CN1CCCC1=O,OC(=O)C=CC(O)=O,failed,0,
C(N1C=CN=C1C1=NC=CN1CC1=CC=CC=C1)C1=CC=CC=C1,OC(=O)CCCCCCCCC(O)=O,failed,0,
OC(=O)CCCCCC(O)=O,CC(C(C)C(O)=O)C(O)=O,failed,0,
OC(=O)CCCCCCC(O)=O,OC(=O)CCCCCC(O)=O,failed,0,
OC(=O)CCCCC(O)=O,OC(=O)CCCCCCCCC(O)=O,failed,0,
NC1=NC=C(Br)N=C1Br,OC(=O)CCCCCCCCCCC(O)=O,failed,0,
CC(C(O)=O)C1=CC(=CC=C1)C(=O)C1=CC=CC=C1,OC(=O)CCC(O)=O,failed,0,
NC(=O)C1=NC=CN=C1,OC(C(O)C(O)C(O)=O)C(O)C(O)=O,failed,0,
C(N1C=CN=C1C1=NC=CN1CC1=CC=CC=C1)C1=CC=CC=C1,OC(=O)CCCCCC(O)=O,failed,0,
COC1=CC2=C(C=C1)N(C(=C2CC(O)=O)C)C(=O)C1=CC=C(Cl)C=C1,OC(=O)CCCCC(O)=O,failed,0,
OC(=O)CC(=CC(O)=O)C(O)=O,COC1=CC=CC=C1C(O)=O,failed,0,
OC(=O)CC(=CC(O)=O)C(O)=O,NC(=O)C1=CC=C(C=C1)[N+](=O)[O-],failed,0,
OC(=O)CC(=CC(O)=O)C(O)=O,NC(=O)C1=CC=C(O)C=C1,failed,0,
OC(=O)CC(=CC(O)=O)C(O)=O,OC(=O)C1=CC(=CC=C1)F,failed,0,
OC(=O)CC(=CC(O)=O)C(O)=O,NC(=O)C1=CC=C(N)C=C1,failed,0,
OC(=O)CC(=CC(O)=O)C(O)=O,COC1=CC=CC(=C1)C(N)=O,failed,0,
OC(=O)CC(=CC(O)=O)C(O)=O,NC1=CC=CC=C1C(O)=O,failed,0,
OC(=O)CC(=CC(O)=O)C(O)=O,COC1=CC=C(C=C1)C(O)=O,failed,0,
OC(=O)CC(=CC(O)=O)C(O)=O,OC(=O)C1=CC=CC=C1O,failed,0,
OC(=O)CC(=CC(O)=O)C(O)=O,NC1=CC=CC(=C1)C(O)=O,failed,0,
OC(=O)CC(=CC(O)=O)C(O)=O,NC(=O)C1=CC=CC=C1O,failed,0,
OC(=O)CC(=CC(O)=O)C(O)=O,NC(=O)C1=CC(=CC=C1)[N+](=O)[O-],failed,0,
OC(=O)CC(=CC(O)=O)C(O)=O,OC(=O)C1=CC=C(C=C1)[N+](=O)[O-],failed,0,
OC(=O)CC(=CC(O)=O)C(O)=O,NC(=O)C1=CC=CC=C1[N+](=O)[O-],failed,0,
OC(=O)CC(=CC(O)=O)C(O)=O,NC(=O)C1=CC=CC=C1N,failed,0,
OC(=O)CC(=CC(O)=O)C(O)=O,CC1=CC(=CC=C1)C(O)=O,failed,0,
OC(=O)CC(=CC(O)=O)C(O)=O,OC(=O)C1=CC=CC=C1F,failed,0,
OC(=O)CC(=CC(O)=O)C(O)=O,OC(=O)C1=CC=C(O)C=C1,failed,0,
OC(=O)CC(=CC(O)=O)C(O)=O,COC1=CC=CC(=C1)C(O)=O,failed,0,
OC(=O)CC(=CC(O)=O)C(O)=O,OC(=O)C1=CC=C(F)C=C1,failed,0,
OC(=O)CC(=CC(O)=O)C(O)=O,CC1=CC=C(C=C1)C(O)=O,failed,0,
OC(=O)CC(=CC(O)=O)C(O)=O,OC(=O)C1=CC=CC=C1[N+](=O)[O-],failed,0,
NC(N)=O,COC1=CC=CC=C1C(O)=O,failed,0,
NC(N)=O,NC(=O)C1=CC=C(C=C1)[N+](=O)[O-],failed,0,
NC(N)=O,OC(=O)C1=CC(=CC=C1)F,failed,0,
NC(N)=O,NC(=O)C1=CC(=CC=C1)N,failed,0,
NC(N)=O,COC1=CC=CC(=C1)C(N)=O,failed,0,
NC(N)=O,CC1=CC=C(C=C1)C(N)=O,failed,0,
NC(N)=O,NC1=CC=CC=C1C(O)=O,failed,0,
NC(N)=O,COC1=CC=C(C=C1)C(O)=O,failed,0,
NC(N)=O,CC1=CC=CC=C1C(N)=O,failed,0,
NC(N)=O,NC1=CC=CC(=C1)C(O)=O,failed,0,
NC(N)=O,NC(=O)C1=CC=CC=C1O,failed,0,
NC(N)=O,NC(=O)C1=CC=C(F)C=C1,failed,0,
NC(N)=O,COC1=CC=C(C=C1)C(N)=O,failed,0,
NC(N)=O,CC1=CC(=CC=C1)C(N)=O,failed,0,
NC(N)=O,NC(=O)C1=CC(=CC=C1)F,failed,0,
NC(N)=O,NC(=O)C1=CC=CC=C1[N+](=O)[O-],failed,0,
NC(N)=O,NC(=O)C1=CC=CC=C1N,failed,0,
NC(N)=O,CC1=CC(=CC=C1)C(O)=O,failed,0,
NC(N)=O,COC1=CC=CC(=C1)C(O)=O,failed,0,
NC(N)=O,OC(=O)C1=CC=C(F)C=C1,failed,0,
NC(N)=O,CC1=CC=C(C=C1)C(O)=O,failed,0,
NC(=O)C1=CN=CC=C1,COC1=CC=CC=C1C(O)=O,failed,0,
NC(=O)C1=CN=CC=C1,OC(=O)C1=CC(=CC=C1)F,failed,0,
NC(=O)C1=CN=CC=C1,NC(=O)C1=CC(=CC=C1)N,failed,0,
NC(=O)C1=CN=CC=C1,COC1=CC=CC(=C1)C(N)=O,failed,0,
NC(=O)C1=CN=CC=C1,CC1=CC=C(C=C1)C(N)=O,failed,0,
NC(=O)C1=CN=CC=C1,COC1=CC=CC=C1C(N)=O,failed,0,
NC(=O)C1=CN=CC=C1,COC1=CC=C(C=C1)C(O)=O,failed,0,
NC(=O)C1=CN=CC=C1,CC1=CC=CC=C1C(N)=O,failed,0,
NC(=O)C1=CN=CC=C1,NC1=CC=CC(=C1)C(O)=O,failed,0,
NC(=O)C1=CN=CC=C1,NC(=O)C1=CC=C(F)C=C1,failed,0,
NC(=O)C1=CN=CC=C1,COC1=CC=C(C=C1)C(N)=O,failed,0,
NC(=O)C1=CN=CC=C1,CC1=CC(=CC=C1)C(N)=O,failed,0,
NC(=O)C1=CN=CC=C1,NC(=O)C1=CC(=CC=C1)F,failed,0,
NC(=O)C1=CN=CC=C1,NC(=O)C1=CC=CC=C1[N+](=O)[O-],failed,0,
NC(=O)C1=CN=CC=C1,NC(=O)C1=CC=CC=C1N,failed,0,
NC(=O)C1=CN=CC=C1,OC(=O)C1=CC(=CC=C1)[N+](=O)[O-],failed,0,
OCC(O)C1OC(=O)C(=C1O)O,COC1=CC=CC=C1C(O)=O,failed,0,
OCC(O)C1OC(=O)C(=C1O)O,NC(=O)C1=CC=C(C=C1)[N+](=O)[O-],failed,0,
OCC(O)C1OC(=O)C(=C1O)O,NC(=O)C1=CC=C(O)C=C1,failed,0,
OCC(O)C1OC(=O)C(=C1O)O,OC(=O)C1=CC(=CC=C1)F,failed,0,
OCC(O)C1OC(=O)C(=C1O)O,NC(=O)C1=CC=C(N)C=C1,failed,0,
OCC(O)C1OC(=O)C(=C1O)O,COC1=CC=CC(=C1)C(N)=O,failed,0,
OCC(O)C1OC(=O)C(=C1O)O,CC1=CC=C(C=C1)C(N)=O,failed,0,
OCC(O)C1OC(=O)C(=C1O)O,NC1=CC=CC=C1C(O)=O,failed,0,
OCC(O)C1OC(=O)C(=C1O)O,COC1=CC=CC=C1C(N)=O,failed,0,
OCC(O)C1OC(=O)C(=C1O)O,COC1=CC=C(C=C1)C(O)=O,failed,0,
OCC(O)C1OC(=O)C(=C1O)O,CC1=CC=CC=C1C(N)=O,failed,0,
OCC(O)C1OC(=O)C(=C1O)O,OC(=O)C1=CC=CC=C1O,failed,0,
OCC(O)C1OC(=O)C(=C1O)O,NC1=CC=C(C=C1)C(O)=O,failed,0,
OCC(O)C1OC(=O)C(=C1O)O,NC1=CC=CC(=C1)C(O)=O,failed,0,
OCC(O)C1OC(=O)C(=C1O)O,NC(=O)C1=CC=CC=C1O,failed,0,
OCC(O)C1OC(=O)C(=C1O)O,NC(=O)C1=CC=C(F)C=C1,failed,0,
OCC(O)C1OC(=O)C(=C1O)O,CC1=CC(=CC=C1)C(N)=O,failed,0,
OCC(O)C1OC(=O)C(=C1O)O,OC(=O)C1=CC=C(C=C1)[N+](=O)[O-],failed,0,
OCC(O)C1OC(=O)C(=C1O)O,NC(=O)C1=CC(=CC=C1)F,failed,0,
OCC(O)C1OC(=O)C(=C1O)O,NC(=O)C1=CC=CC=C1[N+](=O)[O-],failed,0,
OCC(O)C1OC(=O)C(=C1O)O,NC(=O)C1=CC=CC=C1N,failed,0,
OCC(O)C1OC(=O)C(=C1O)O,CC1=CC(=CC=C1)C(O)=O,failed,0,
OCC(O)C1OC(=O)C(=C1O)O,OC(=O)C1=CC=CC=C1F,failed,0,
OCC(O)C1OC(=O)C(=C1O)O,OC(=O)C1=CC(=CC=C1)[N+](=O)[O-],failed,0,
OCC(O)C1OC(=O)C(=C1O)O,OC(=O)C1=CC=C(O)C=C1,failed,0,
OCC(O)C1OC(=O)C(=C1O)O,COC1=CC=CC(=C1)C(O)=O,failed,0,
OCC(O)C1OC(=O)C(=C1O)O,OC(=O)C1=CC(=CC=C1)O,failed,0,
OCC(O)C1OC(=O)C(=C1O)O,OC(=O)C1=CC=C(F)C=C1,failed,0,
OCC(O)C1OC(=O)C(=C1O)O,CC1=CC=C(C=C1)C(O)=O,failed,0,
OCC(O)C1OC(=O)C(=C1O)O,OC(=O)C1=CC=CC=C1[N+](=O)[O-],failed,0,
OC(=O)C1=CN=CC=C1,COC1=CC=CC=C1C(O)=O,failed,0,
OC(=O)C1=CN=CC=C1,NC(=O)C1=CC=C(C=C1)[N+](=O)[O-],failed,0,
OC(=O)C1=CN=CC=C1,OC(=O)C1=CC(=CC=C1)F,failed,0,
OC(=O)C1=CN=CC=C1,NC(=O)C1=CC(=CC=C1)N,failed,0,
OC(=O)C1=CN=CC=C1,NC(=O)C1=CC=C(N)C=C1,failed,0,
OC(=O)C1=CN=CC=C1,COC1=CC=CC(=C1)C(N)=O,failed,0,
OC(=O)C1=CN=CC=C1,CC1=CC=C(C=C1)C(N)=O,failed,0,
OC(=O)C1=CN=CC=C1,COC1=CC=CC=C1C(N)=O,failed,0,
OC(=O)C1=CN=CC=C1,COC1=CC=C(C=C1)C(O)=O,failed,0,
OC(=O)C1=CN=CC=C1,CC1=CC=CC=C1C(N)=O,failed,0,
OC(=O)C1=CN=CC=C1,OC(=O)C1=CC=CC=C1O,failed,0,
OC(=O)C1=CN=CC=C1,NC1=CC=CC(=C1)C(O)=O,failed,0,
OC(=O)C1=CN=CC=C1,NC(=O)C1=CC=CC=C1O,failed,0,
OC(=O)C1=CN=CC=C1,NC(=O)C1=CC=C(F)C=C1,failed,0,
OC(=O)C1=CN=CC=C1,CC1=CC(=CC=C1)C(N)=O,failed,0,
OC(=O)C1=CN=CC=C1,OC(=O)C1=CC=C(C=C1)[N+](=O)[O-],failed,0,
OC(=O)C1=CN=CC=C1,NC(=O)C1=CC(=CC=C1)F,failed,0,
OC(=O)C1=CN=CC=C1,NC(=O)C1=CC=CC=C1[N+](=O)[O-],failed,0,
OC(=O)C1=CN=CC=C1,NC(=O)C1=CC=CC=C1N,failed,0,
OC(=O)C1=CN=CC=C1,CC1=CC(=CC=C1)C(O)=O,failed,0,
OC(=O)C1=CN=CC=C1,OC(=O)C1=CC(=CC=C1)[N+](=O)[O-],failed,0,
OC(=O)C1=CN=CC=C1,OC(=O)C1=CC=C(O)C=C1,failed,0,
OC(=O)C1=CN=CC=C1,COC1=CC=CC(=C1)C(O)=O,failed,0,
OC(=O)C1=CN=CC=C1,OC(=O)C1=CC=C(F)C=C1,failed,0,
OC(=O)C1=CN=CC=C1,CC1=CC=C(C=C1)C(O)=O,failed,0,
OC(=O)C=CC(O)=O,COC1=CC=CC=C1C(O)=O,failed,0,
OC(=O)C=CC(O)=O,NC(=O)C1=CC=C(C=C1)[N+](=O)[O-],failed,0,
OC(=O)C=CC(O)=O,OC(=O)C1=CC(=CC=C1)F,failed,0,
OC(=O)C=CC(O)=O,NC1=CC=CC=C1C(O)=O,failed,0,
OC(=O)C=CC(O)=O,COC1=CC=C(C=C1)C(O)=O,failed,0,
OC(=O)C=CC(O)=O,CC1=CC=CC=C1C(N)=O,failed,0,
OC(=O)C=CC(O)=O,OC(=O)C1=CC=CC=C1O,failed,0,
OC(=O)C=CC(O)=O,NC1=CC=C(C=C1)C(O)=O,failed,0,
OC(=O)C=CC(O)=O,NC(=O)C1=CC=CC=C1O,failed,0,
OC(=O)C=CC(O)=O,OC(=O)C1=CC=C(C=C1)[N+](=O)[O-],failed,0,
OC(=O)C=CC(O)=O,NC(=O)C1=CC=CC=C1[N+](=O)[O-],failed,0,
OC(=O)C=CC(O)=O,CC1=CC(=CC=C1)C(O)=O,failed,0,
OC(=O)C=CC(O)=O,OC(=O)C1=CC=CC=C1F,failed,0,
OC(=O)C=CC(O)=O,OC(=O)C1=CC(=CC=C1)[N+](=O)[O-],failed,0,
OC(=O)C=CC(O)=O,OC(=O)C1=CC=C(O)C=C1,failed,0,
OC(=O)C=CC(O)=O,COC1=CC=CC(=C1)C(O)=O,failed,0,
OC(=O)C=CC(O)=O,OC(=O)C1=CC=C(F)C=C1,failed,0,
OC(=O)C=CC(O)=O,CC1=CC=C(C=C1)C(O)=O,failed,0,
OC(=O)C=CC(O)=O,OC(=O)C1=CC=CC=C1[N+](=O)[O-],failed,0,
CN1C=NC2=C1C(=O)N(C)C(=O)N2C,NC(=O)C1=CC(=CC=C1)N,failed,0,
CN1C=NC2=C1C(=O)N(C)C(=O)N2C,NC(=O)C1=CC=C(N)C=C1,failed,0,
CN1C=NC2=C1C(=O)N(C)C(=O)N2C,COC1=CC=CC(=C1)C(N)=O,failed,0,
CN1C=NC2=C1C(=O)N(C)C(=O)N2C,CC1=CC=C(C=C1)C(N)=O,failed,0,
CN1C=NC2=C1C(=O)N(C)C(=O)N2C,COC1=CC=CC=C1C(N)=O,failed,0,
CN1C=NC2=C1C(=O)N(C)C(=O)N2C,COC1=CC=C(C=C1)C(O)=O,failed,0,
CN1C=NC2=C1C(=O)N(C)C(=O)N2C,CC1=CC=CC=C1C(N)=O,failed,0,
CN1C=NC2=C1C(=O)N(C)C(=O)N2C,NC1=CC=C(C=C1)C(O)=O,failed,0,
CN1C=NC2=C1C(=O)N(C)C(=O)N2C,NC1=CC=CC(=C1)C(O)=O,failed,0,
CN1C=NC2=C1C(=O)N(C)C(=O)N2C,NC(=O)C1=CC=C(F)C=C1,failed,0,
CN1C=NC2=C1C(=O)N(C)C(=O)N2C,CC1=CC(=CC=C1)C(N)=O,failed,0,
CN1C=NC2=C1C(=O)N(C)C(=O)N2C,OC(=O)C1=CC=C(C=C1)[N+](=O)[O-],failed,0,
CN1C=NC2=C1C(=O)N(C)C(=O)N2C,NC(=O)C1=CC=CC=C1[N+](=O)[O-],failed,0,
CN1C=NC2=C1C(=O)N(C)C(=O)N2C,OC(=O)C1=CC=C(F)C=C1,failed,0,
CN1C=NC2=C1C(=O)N(C)C(=O)N2C,CC1=CC=C(C=C1)C(O)=O,failed,0,
OC(=O)CCSCCC(O)=O,COC1=CC=CC=C1C(O)=O,failed,0,
OC(=O)CCSCCC(O)=O,NC(=O)C1=CC=C(O)C=C1,failed,0,
OC(=O)CCSCCC(O)=O,OC(=O)C1=CC(=CC=C1)F,failed,0,
OC(=O)CCSCCC(O)=O,NC(=O)C1=CC(=CC=C1)N,failed,0,
OC(=O)CCSCCC(O)=O,NC(=O)C1=CC=C(N)C=C1,failed,0,
OC(=O)CCSCCC(O)=O,NC1=CC=CC=C1C(O)=O,failed,0,
OC(=O)CCSCCC(O)=O,COC1=CC=CC=C1C(N)=O,failed,0,
OC(=O)CCSCCC(O)=O,COC1=CC=C(C=C1)C(O)=O,failed,0,
OC(=O)CCSCCC(O)=O,CC1=CC=CC=C1C(N)=O,failed,0,
OC(=O)CCSCCC(O)=O,OC(=O)C1=CC=CC=C1O,failed,0,
OC(=O)CCSCCC(O)=O,NC1=CC=C(C=C1)C(O)=O,failed,0,
OC(=O)CCSCCC(O)=O,NC1=CC=CC(=C1)C(O)=O,failed,0,
OC(=O)CCSCCC(O)=O,NC(=O)C1=CC=CC=C1O,failed,0,
OC(=O)CCSCCC(O)=O,NC(=O)C1=CC(=CC=C1)[N+](=O)[O-],failed,0,
OC(=O)CCSCCC(O)=O,OC(=O)C1=CC=C(C=C1)[N+](=O)[O-],failed,0,
OC(=O)CCSCCC(O)=O,NC(=O)C1=CC(=CC=C1)F,failed,0,
OC(=O)CCSCCC(O)=O,NC(=O)C1=CC=CC=C1[N+](=O)[O-],failed,0,
OC(=O)CCSCCC(O)=O,CC1=CC(=CC=C1)C(O)=O,failed,0,
OC(=O)CCSCCC(O)=O,OC(=O)C1=CC(=CC=C1)[N+](=O)[O-],failed,0,
OC(=O)CCSCCC(O)=O,OC(=O)C1=CC=C(O)C=C1,failed,0,
OC(=O)CCSCCC(O)=O,COC1=CC=CC(=C1)C(O)=O,failed,0,
OC(=O)CCSCCC(O)=O,OC(=O)C1=CC=C(F)C=C1,failed,0,
OC(=O)CCSCCC(O)=O,CC1=CC=C(C=C1)C(O)=O,failed,0,
OC(=O)CCSCCC(O)=O,OC(=O)C1=CC=CC=C1[N+](=O)[O-],failed,0,
C1=NC=CC(=C1)C1=CC=NC=C1,OC(=O)C1=CC(=CC=C1)F,failed,0,
C1=NC=CC(=C1)C1=CC=NC=C1,COC1=CC=CC(=C1)C(N)=O,failed,0,
C1=NC=CC(=C1)C1=CC=NC=C1,CC1=CC=C(C=C1)C(N)=O,failed,0,
C1=NC=CC(=C1)C1=CC=NC=C1,CC1=CC=CC=C1C(N)=O,failed,0,
C1=NC=CC(=C1)C1=CC=NC=C1,CC1=CC=CC=C1C(O)=O,failed,0,
C1=NC=CC(=C1)C1=CC=NC=C1,OC(=O)C1=CC=C(F)C=C1,failed,0,
CC1=CC2=C(C=C1C)N(CC(O)C(O)C(O)CO)C1=NC(=O)NC(=O)C1=N2,COC1=CC=CC=C1C(O)=O,failed,0,
CC1=CC2=C(C=C1C)N(CC(O)C(O)C(O)CO)C1=NC(=O)NC(=O)C1=N2,NC(=O)C1=CC=C(C=C1)[N+](=O)[O-],failed,0,
CC1=CC2=C(C=C1C)N(CC(O)C(O)C(O)CO)C1=NC(=O)NC(=O)C1=N2,NC(=O)C1=CC=C(O)C=C1,failed,0,
CC1=CC2=C(C=C1C)N(CC(O)C(O)C(O)CO)C1=NC(=O)NC(=O)C1=N2,OC(=O)C1=CC(=CC=C1)F,failed,0,
CC1=CC2=C(C=C1C)N(CC(O)C(O)C(O)CO)C1=NC(=O)NC(=O)C1=N2,NC(=O)C1=CC(=CC=C1)N,failed,0,
CC1=CC2=C(C=C1C)N(CC(O)C(O)C(O)CO)C1=NC(=O)NC(=O)C1=N2,NC(=O)C1=CC=C(N)C=C1,failed,0,
CC1=CC2=C(C=C1C)N(CC(O)C(O)C(O)CO)C1=NC(=O)NC(=O)C1=N2,COC1=CC=CC(=C1)C(N)=O,failed,0,
CC1=CC2=C(C=C1C)N(CC(O)C(O)C(O)CO)C1=NC(=O)NC(=O)C1=N2,CC1=CC=C(C=C1)C(N)=O,failed,0,
CC1=CC2=C(C=C1C)N(CC(O)C(O)C(O)CO)C1=NC(=O)NC(=O)C1=N2,NC1=CC=CC=C1C(O)=O,failed,0,
CC1=CC2=C(C=C1C)N(CC(O)C(O)C(O)CO)C1=NC(=O)NC(=O)C1=N2,COC1=CC=CC=C1C(N)=O,failed,0,
CC1=CC2=C(C=C1C)N(CC(O)C(O)C(O)CO)C1=NC(=O)NC(=O)C1=N2,COC1=CC=C(C=C1)C(O)=O,failed,0,
CC1=CC2=C(C=C1C)N(CC(O)C(O)C(O)CO)C1=NC(=O)NC(=O)C1=N2,CC1=CC=CC=C1C(N)=O,failed,0,
CC1=CC2=C(C=C1C)N(CC(O)C(O)C(O)CO)C1=NC(=O)NC(=O)C1=N2,OC(=O)C1=CC=CC=C1O,failed,0,
CC1=CC2=C(C=C1C)N(CC(O)C(O)C(O)CO)C1=NC(=O)NC(=O)C1=N2,NC1=CC=C(C=C1)C(O)=O,failed,0,
CC1=CC2=C(C=C1C)N(CC(O)C(O)C(O)CO)C1=NC(=O)NC(=O)C1=N2,NC1=CC=CC(=C1)C(O)=O,failed,0,
CC1=CC2=C(C=C1C)N(CC(O)C(O)C(O)CO)C1=NC(=O)NC(=O)C1=N2,NC(=O)C1=CC=CC=C1O,failed,0,
CC1=CC2=C(C=C1C)N(CC(O)C(O)C(O)CO)C1=NC(=O)NC(=O)C1=N2,NC(=O)C1=CC=C(F)C=C1,failed,0,
CC1=CC2=C(C=C1C)N(CC(O)C(O)C(O)CO)C1=NC(=O)NC(=O)C1=N2,COC1=CC=C(C=C1)C(N)=O,failed,0,
CC1=CC2=C(C=C1C)N(CC(O)C(O)C(O)CO)C1=NC(=O)NC(=O)C1=N2,CC1=CC(=CC=C1)C(N)=O,failed,0,
CC1=CC2=C(C=C1C)N(CC(O)C(O)C(O)CO)C1=NC(=O)NC(=O)C1=N2,NC(=O)C1=CC(=CC=C1)[N+](=O)[O-],failed,0,
CC1=CC2=C(C=C1C)N(CC(O)C(O)C(O)CO)C1=NC(=O)NC(=O)C1=N2,OC(=O)C1=CC=C(C=C1)[N+](=O)[O-],failed,0,
CC1=CC2=C(C=C1C)N(CC(O)C(O)C(O)CO)C1=NC(=O)NC(=O)C1=N2,NC(=O)C1=CC(=CC=C1)F,failed,0,
CC1=CC2=C(C=C1C)N(CC(O)C(O)C(O)CO)C1=NC(=O)NC(=O)C1=N2,NC(=O)C1=CC=CC=C1[N+](=O)[O-],failed,0,
CC1=CC2=C(C=C1C)N(CC(O)C(O)C(O)CO)C1=NC(=O)NC(=O)C1=N2,NC(=O)C1=CC=CC=C1N,failed,0,
CC1=CC2=C(C=C1C)N(CC(O)C(O)C(O)CO)C1=NC(=O)NC(=O)C1=N2,CC1=CC=CC=C1C(O)=O,failed,0,
CC1=CC2=C(C=C1C)N(CC(O)C(O)C(O)CO)C1=NC(=O)NC(=O)C1=N2,CC1=CC(=CC=C1)C(O)=O,failed,0,
CC1=CC2=C(C=C1C)N(CC(O)C(O)C(O)CO)C1=NC(=O)NC(=O)C1=N2,OC(=O)C1=CC=CC=C1F,failed,0,
CC1=CC2=C(C=C1C)N(CC(O)C(O)C(O)CO)C1=NC(=O)NC(=O)C1=N2,OC(=O)C1=CC(=CC=C1)[N+](=O)[O-],failed,0,
CC1=CC2=C(C=C1C)N(CC(O)C(O)C(O)CO)C1=NC(=O)NC(=O)C1=N2,OC(=O)C1=CC=C(O)C=C1,failed,0,
CC1=CC2=C(C=C1C)N(CC(O)C(O)C(O)CO)C1=NC(=O)NC(=O)C1=N2,COC1=CC=CC(=C1)C(O)=O,failed,0,
CC1=CC2=C(C=C1C)N(CC(O)C(O)C(O)CO)C1=NC(=O)NC(=O)C1=N2,OC(=O)C1=CC(=CC=C1)O,failed,0,
CC1=CC2=C(C=C1C)N(CC(O)C(O)C(O)CO)C1=NC(=O)NC(=O)C1=N2,CC1=CC=C(C=C1)C(O)=O,failed,0,
CC1=CC2=C(C=C1C)N(CC(O)C(O)C(O)CO)C1=NC(=O)NC(=O)C1=N2,OC(=O)C1=CC=CC=C1[N+](=O)[O-],failed,0,
NC(CCC(O)=O)C(O)=O,NC(=O)C1=CC=C(C=C1)[N+](=O)[O-],failed,0,
NC(CCC(O)=O)C(O)=O,NC(=O)C1=CC=C(O)C=C1,failed,0,
NC(CCC(O)=O)C(O)=O,OC(=O)C1=CC(=CC=C1)F,failed,0,
NC(CCC(O)=O)C(O)=O,NC(=O)C1=CC(=CC=C1)N,failed,0,
NC(CCC(O)=O)C(O)=O,NC(=O)C1=CC=C(N)C=C1,failed,0,
NC(CCC(O)=O)C(O)=O,COC1=CC=CC(=C1)C(N)=O,failed,0,
NC(CCC(O)=O)C(O)=O,CC1=CC=C(C=C1)C(N)=O,failed,0,
NC(CCC(O)=O)C(O)=O,NC1=CC=CC=C1C(O)=O,failed,0,
NC(CCC(O)=O)C(O)=O,COC1=CC=CC=C1C(N)=O,failed,0,
NC(CCC(O)=O)C(O)=O,COC1=CC=C(C=C1)C(O)=O,failed,0,
NC(CCC(O)=O)C(O)=O,CC1=CC=CC=C1C(N)=O,failed,0,
NC(CCC(O)=O)C(O)=O,OC(=O)C1=CC=CC=C1O,failed,0,
NC(CCC(O)=O)C(O)=O,NC1=CC=C(C=C1)C(O)=O,failed,0,
NC(CCC(O)=O)C(O)=O,NC1=CC=CC(=C1)C(O)=O,failed,0,
NC(CCC(O)=O)C(O)=O,NC(=O)C1=CC=CC=C1O,failed,0,
NC(CCC(O)=O)C(O)=O,NC(=O)C1=CC=C(F)C=C1,failed,0,
NC(CCC(O)=O)C(O)=O,CC1=CC(=CC=C1)C(N)=O,failed,0,
NC(CCC(O)=O)C(O)=O,NC(=O)C1=CC(=CC=C1)[N+](=O)[O-],failed,0,
NC(CCC(O)=O)C(O)=O,NC(=O)C1=CC(=CC=C1)F,failed,0,
NC(CCC(O)=O)C(O)=O,NC(=O)C1=CC=CC=C1[N+](=O)[O-],failed,0,
NC(CCC(O)=O)C(O)=O,NC(=O)C1=CC=CC=C1N,failed,0,
NC(CCC(O)=O)C(O)=O,CC1=CC(=CC=C1)C(O)=O,failed,0,
NC(CCC(O)=O)C(O)=O,OC(=O)C1=CC=C(O)C=C1,failed,0,
NC(CCC(O)=O)C(O)=O,COC1=CC=CC(=C1)C(O)=O,failed,0,
NC(CCC(O)=O)C(O)=O,CC1=CC=C(C=C1)C(O)=O,failed,0,
NC(CCC(O)=O)C(O)=O,OC(=O)C1=CC=CC=C1[N+](=O)[O-],failed,0,
NC(=O)C1=CC=NC=C1,COC1=CC=CC=C1C(O)=O,failed,0,
NC(=O)C1=CC=NC=C1,COC1=CC=C(C=C1)C(O)=O,failed,0,
CC1=NC=C(CO)C(=C1O)CO,COC1=CC=CC=C1C(O)=O,failed,0,
CC1=NC=C(CO)C(=C1O)CO,NC(=O)C1=CC=C(C=C1)[N+](=O)[O-],failed,0,
CC1=NC=C(CO)C(=C1O)CO,NC(=O)C1=CC=C(O)C=C1,failed,0,
CC1=NC=C(CO)C(=C1O)CO,NC(=O)C1=CC(=CC=C1)N,failed,0,
CC1=NC=C(CO)C(=C1O)CO,NC(=O)C1=CC=C(N)C=C1,failed,0,
CC1=NC=C(CO)C(=C1O)CO,COC1=CC=CC(=C1)C(N)=O,failed,0,
CC1=NC=C(CO)C(=C1O)CO,CC1=CC=C(C=C1)C(N)=O,failed,0,
CC1=NC=C(CO)C(=C1O)CO,NC1=CC=CC=C1C(O)=O,failed,0,
CC1=NC=C(CO)C(=C1O)CO,COC1=CC=CC=C1C(N)=O,failed,0,
CC1=NC=C(CO)C(=C1O)CO,COC1=CC=C(C=C1)C(O)=O,failed,0,
CC1=NC=C(CO)C(=C1O)CO,CC1=CC=CC=C1C(N)=O,failed,0,
CC1=NC=C(CO)C(=C1O)CO,OC(=O)C1=CC=CC=C1O,failed,0,
CC1=NC=C(CO)C(=C1O)CO,NC1=CC=CC(=C1)C(O)=O,failed,0,
CC1=NC=C(CO)C(=C1O)CO,NC(=O)C1=CC=CC=C1O,failed,0,
CC1=NC=C(CO)C(=C1O)CO,NC(=O)C1=CC=C(F)C=C1,failed,0,
CC1=NC=C(CO)C(=C1O)CO,CC1=CC(=CC=C1)C(N)=O,failed,0,
CC1=NC=C(CO)C(=C1O)CO,NC(=O)C1=CC(=CC=C1)[N+](=O)[O-],failed,0,
CC1=NC=C(CO)C(=C1O)CO,NC(=O)C1=CC(=CC=C1)F,failed,0,
CC1=NC=C(CO)C(=C1O)CO,NC(=O)C1=CC=CC=C1[N+](=O)[O-],failed,0,
CC1=NC=C(CO)C(=C1O)CO,NC(=O)C1=CC=CC=C1N,failed,0,
CC1=NC=C(CO)C(=C1O)CO,CC1=CC(=CC=C1)C(O)=O,failed,0,
CC1=NC=C(CO)C(=C1O)CO,OC(=O)C1=CC(=CC=C1)[N+](=O)[O-],failed,0,
CC1=NC=C(CO)C(=C1O)CO,COC1=CC=CC(=C1)C(O)=O,failed,0,
CC1=NC=C(CO)C(=C1O)CO,OC(=O)C1=CC(=CC=C1)O,failed,0,
CC1=NC=C(CO)C(=C1O)CO,OC(=O)C1=CC=C(F)C=C1,failed,0,
CC1=NC=C(CO)C(=C1O)CO,CC1=CC=C(C=C1)C(O)=O,failed,0,
CC1=NC=C(CO)C(=C1O)CO,OC(=O)C1=CC=CC=C1[N+](=O)[O-],failed,0,
OC(=O)C(O)=O,COC1=CC=CC=C1C(O)=O,failed,0,
OC(=O)C(O)=O,OC(=O)C1=CC(=CC=C1)F,failed,0,
OC(=O)C(O)=O,COC1=CC=C(C=C1)C(O)=O,failed,0,
OC(=O)C(O)=O,OC(=O)C1=CC=CC=C1O,failed,0,
OC(=O)C(O)=O,NC(=O)C1=CC(=CC=C1)[N+](=O)[O-],failed,0,
OC(=O)C(O)=O,OC(=O)C1=CC=C(C=C1)[N+](=O)[O-],failed,0,
OC(=O)C(O)=O,CC1=CC(=CC=C1)C(O)=O,failed,0,
OC(=O)C(O)=O,OC(=O)C1=CC=CC=C1F,failed,0,
OC(=O)C(O)=O,OC(=O)C1=CC(=CC=C1)[N+](=O)[O-],failed,0,
OC(=O)C(O)=O,OC(=O)C1=CC=C(O)C=C1,failed,0,
OC(=O)C(O)=O,COC1=CC=CC(=C1)C(O)=O,failed,0,
OC(=O)C(O)=O,OC(=O)C1=CC=C(F)C=C1,failed,0,
OC(=O)C(O)=O,CC1=CC=C(C=C1)C(O)=O,failed,0,
OC(=O)C(O)=O,OC(=O)C1=CC=CC=C1[N+](=O)[O-],failed,0,
OC(=O)C1=CC=CC=C1O,COC1=CC=CC=C1C(O)=O,failed,0,
OC(=O)C1=CC=CC=C1O,OC(=O)C1=CC(=CC=C1)F,failed,0,
OC(=O)C1=CC=CC=C1O,NC(=O)C1=CC=C(N)C=C1,failed,0,
OC(=O)C1=CC=CC=C1O,COC1=CC=CC(=C1)C(N)=O,failed,0,
OC(=O)C1=CC=CC=C1O,COC1=CC=C(C=C1)C(O)=O,failed,0,
OC(=O)C1=CC=CC=C1O,CC1=CC=CC=C1C(N)=O,failed,0,
OC(=O)C1=CC=CC=C1O,NC1=CC=C(C=C1)C(O)=O,failed,0,
OC(=O)C1=CC=CC=C1O,NC1=CC=CC(=C1)C(O)=O,failed,0,
OC(=O)C1=CC=CC=C1O,OC(=O)C1=CC=C(C=C1)[N+](=O)[O-],failed,0,
OC(=O)C1=CC=CC=C1O,NC(=O)C1=CC(=CC=C1)F,failed,0,
OC(=O)C1=CC=CC=C1O,NC(=O)C1=CC=CC=C1[N+](=O)[O-],failed,0,
OC(=O)C1=CC=CC=C1O,CC1=CC(=CC=C1)C(O)=O,failed,0,
OC(=O)C1=CC=CC=C1O,OC(=O)C1=CC=CC=C1F,failed,0,
OC(=O)C1=CC=CC=C1O,COC1=CC=CC(=C1)C(O)=O,failed,0,
OC(=O)C1=CC=CC=C1O,OC(=O)C1=CC=C(F)C=C1,failed,0,
OC(=O)C1=CC=CC=C1O,CC1=CC=C(C=C1)C(O)=O,failed,0,
OC(CC(O)=O)C(O)=O,COC1=CC=CC=C1C(O)=O,failed,0,
OC(CC(O)=O)C(O)=O,OC(=O)C1=CC(=CC=C1)F,failed,0,
OC(CC(O)=O)C(O)=O,NC(=O)C1=CC(=CC=C1)N,failed,0,
OC(CC(O)=O)C(O)=O,NC1=CC=CC=C1C(O)=O,failed,0,
OC(CC(O)=O)C(O)=O,COC1=CC=CC=C1C(N)=O,failed,0,
OC(CC(O)=O)C(O)=O,COC1=CC=C(C=C1)C(O)=O,failed,0,
OC(CC(O)=O)C(O)=O,CC1=CC=CC=C1C(N)=O,failed,0,
OC(CC(O)=O)C(O)=O,OC(=O)C1=CC=CC=C1O,failed,0,
OC(CC(O)=O)C(O)=O,NC1=CC=CC(=C1)C(O)=O,failed,0,
OC(CC(O)=O)C(O)=O,NC(=O)C1=CC=CC=C1O,failed,0,
OC(CC(O)=O)C(O)=O,OC(=O)C1=CC=C(C=C1)[N+](=O)[O-],failed,0,
OC(CC(O)=O)C(O)=O,NC(=O)C1=CC=CC=C1[N+](=O)[O-],failed,0,
OC(CC(O)=O)C(O)=O,CC1=CC(=CC=C1)C(O)=O,failed,0,
OC(CC(O)=O)C(O)=O,OC(=O)C1=CC=CC=C1F,failed,0,
OC(CC(O)=O)C(O)=O,OC(=O)C1=CC(=CC=C1)[N+](=O)[O-],failed,0,
OC(CC(O)=O)C(O)=O,OC(=O)C1=CC=C(O)C=C1,failed,0,
OC(CC(O)=O)C(O)=O,COC1=CC=CC(=C1)C(O)=O,failed,0,
OC(CC(O)=O)C(O)=O,OC(=O)C1=CC=C(F)C=C1,failed,0,
OC(CC(O)=O)C(O)=O,CC1=CC=C(C=C1)C(O)=O,failed,0,
OC(CC(O)=O)C(O)=O,OC(=O)C1=CC=CC=C1[N+](=O)[O-],failed,0,
NC(=O)C1=CC=CC=C1,COC1=CC=CC=C1C(O)=O,failed,0,
NC(=O)C1=CC=CC=C1,NC(=O)C1=CC=C(O)C=C1,failed,0,
NC(=O)C1=CC=CC=C1,NC(=O)C1=CC(=CC=C1)N,failed,0,
NC(=O)C1=CC=CC=C1,NC(=O)C1=CC=C(N)C=C1,failed,0,
NC(=O)C1=CC=CC=C1,COC1=CC=CC(=C1)C(N)=O,failed,0,
NC(=O)C1=CC=CC=C1,NC1=CC=CC=C1C(O)=O,failed,0,
NC(=O)C1=CC=CC=C1,COC1=CC=CC=C1C(N)=O,failed,0,
NC(=O)C1=CC=CC=C1,COC1=CC=C(C=C1)C(O)=O,failed,0,
NC(=O)C1=CC=CC=C1,NC1=CC=C(C=C1)C(O)=O,failed,0,
NC(=O)C1=CC=CC=C1,NC1=CC=CC(=C1)C(O)=O,failed,0,
NC(=O)C1=CC=CC=C1,NC(=O)C1=CC=CC=C1O,failed,0,
NC(=O)C1=CC=CC=C1,NC(=O)C1=CC=C(F)C=C1,failed,0,
NC(=O)C1=CC=CC=C1,COC1=CC=C(C=C1)C(N)=O,failed,0,
NC(=O)C1=CC=CC=C1,CC1=CC(=CC=C1)C(N)=O,failed,0,
NC(=O)C1=CC=CC=C1,NC(=O)C1=CC(=CC=C1)[N+](=O)[O-],failed,0,
NC(=O)C1=CC=CC=C1,NC(=O)C1=CC(=CC=C1)F,failed,0,
NC(=O)C1=CC=CC=C1,NC(=O)C1=CC=CC=C1[N+](=O)[O-],failed,0,
NC(=O)C1=CC=CC=C1,NC(=O)C1=CC=CC=C1N,failed,0,
NC(=O)C1=CC=CC=C1,CC1=CC=CC=C1C(O)=O,failed,0,
NC(=O)C1=CC=CC=C1,CC1=CC(=CC=C1)C(O)=O,failed,0,
NC(=O)C1=CC=CC=C1,COC1=CC=CC(=C1)C(O)=O,failed,0,
NC(=O)C1=CC=CC=C1,CC1=CC=C(C=C1)C(O)=O,failed,0,
OC1=CC=C(O)C=C1,NC(=O)C1=CC=C(C=C1)[N+](=O)[O-],failed,0,
OC1=CC=C(O)C=C1,OC(=O)C1=CC(=CC=C1)F,failed,0,
OC1=CC=C(O)C=C1,NC(=O)C1=CC=C(N)C=C1,failed,0,
OC1=CC=C(O)C=C1,COC1=CC=CC(=C1)C(N)=O,failed,0,
OC1=CC=C(O)C=C1,NC1=CC=CC=C1C(O)=O,failed,0,
OC1=CC=C(O)C=C1,CC1=CC=CC=C1C(N)=O,failed,0,
OC1=CC=C(O)C=C1,OC(=O)C1=CC=CC=C1O,failed,0,
OC1=CC=C(O)C=C1,NC1=CC=C(C=C1)C(O)=O,failed,0,
OC1=CC=C(O)C=C1,NC1=CC=CC(=C1)C(O)=O,failed,0,
OC1=CC=C(O)C=C1,NC(=O)C1=CC=CC=C1O,failed,0,
OC1=CC=C(O)C=C1,NC(=O)C1=CC=C(F)C=C1,failed,0,
OC1=CC=C(O)C=C1,OC(=O)C1=CC=C(C=C1)[N+](=O)[O-],failed,0,
OC1=CC=C(O)C=C1,NC(=O)C1=CC=CC=C1[N+](=O)[O-],failed,0,
OC1=CC=C(O)C=C1,NC(=O)C1=CC=CC=C1N,failed,0,
OC1=CC=C(O)C=C1,CC1=CC(=CC=C1)C(O)=O,failed,0,
OC1=CC=C(O)C=C1,OC(=O)C1=CC=CC=C1F,failed,0,
OC1=CC=C(O)C=C1,OC(=O)C1=CC(=CC=C1)[N+](=O)[O-],failed,0,
OC1=CC=C(O)C=C1,OC(=O)C1=CC=C(O)C=C1,failed,0,
OC1=CC=C(O)C=C1,COC1=CC=CC(=C1)C(O)=O,failed,0,
OC1=CC=C(O)C=C1,OC(=O)C1=CC=C(F)C=C1,failed,0,
OC1=CC=C(O)C=C1,OC(=O)C1=CC=CC=C1[N+](=O)[O-],failed,0,
O=C1CCCN1,OC(=O)C1=CC(=CC=C1)F,failed,0,
O=C1CCCN1,COC1=CC=C(C=C1)C(O)=O,failed,0,
O=C1CCCN1,NC1=CC=CC(=C1)C(O)=O,failed,0,
O=C1CCCN1,CC1=CC=CC=C1C(O)=O,failed,0,
O=C1CCCN1,CC1=CC(=CC=C1)C(O)=O,failed,0,
O=C1CCCN1,OC(=O)C1=CC=CC=C1F,failed,0,
CCCCCCCC(O)=O,COC1=CC=CC=C1C(O)=O,failed,0,
CCCCCCCC(O)=O,NC(=O)C1=CC=C(C=C1)[N+](=O)[O-],failed,0,
CCCCCCCC(O)=O,NC(=O)C1=CC=C(O)C=C1,failed,0,
CCCCCCCC(O)=O,OC(=O)C1=CC(=CC=C1)F,failed,0,
CCCCCCCC(O)=O,NC(=O)C1=CC(=CC=C1)N,failed,0,
CCCCCCCC(O)=O,NC(=O)C1=CC=C(N)C=C1,failed,0,
CCCCCCCC(O)=O,COC1=CC=CC(=C1)C(N)=O,failed,0,
CCCCCCCC(O)=O,NC1=CC=CC=C1C(O)=O,failed,0,
CCCCCCCC(O)=O,COC1=CC=CC=C1C(N)=O,failed,0,
CCCCCCCC(O)=O,COC1=CC=C(C=C1)C(O)=O,failed,0,
CCCCCCCC(O)=O,CC1=CC=CC=C1C(N)=O,failed,0,
CCCCCCCC(O)=O,OC(=O)C1=CC=CC=C1O,failed,0,
CCCCCCCC(O)=O,NC1=CC=C(C=C1)C(O)=O,failed,0,
CCCCCCCC(O)=O,NC1=CC=CC(=C1)C(O)=O,failed,0,
CCCCCCCC(O)=O,NC(=O)C1=CC=CC=C1O,failed,0,
CCCCCCCC(O)=O,NC(=O)C1=CC=C(F)C=C1,failed,0,
CCCCCCCC(O)=O,CC1=CC(=CC=C1)C(N)=O,failed,0,
CCCCCCCC(O)=O,NC(=O)C1=CC(=CC=C1)[N+](=O)[O-],failed,0,
CCCCCCCC(O)=O,OC(=O)C1=CC=C(C=C1)[N+](=O)[O-],failed,0,
CCCCCCCC(O)=O,NC(=O)C1=CC(=CC=C1)F,failed,0,
CCCCCCCC(O)=O,NC(=O)C1=CC=CC=C1[N+](=O)[O-],failed,0,
CCCCCCCC(O)=O,NC(=O)C1=CC=CC=C1N,failed,0,
CCCCCCCC(O)=O,CC1=CC=CC=C1C(O)=O,failed,0,
CCCCCCCC(O)=O,CC1=CC(=CC=C1)C(O)=O,failed,0,
CCCCCCCC(O)=O,OC(=O)C1=CC=CC=C1F,failed,0,
CCCCCCCC(O)=O,OC(=O)C1=CC(=CC=C1)[N+](=O)[O-],failed,0,
CCCCCCCC(O)=O,OC(=O)C1=CC=C(O)C=C1,failed,0,
CCCCCCCC(O)=O,COC1=CC=CC(=C1)C(O)=O,failed,0,
CCCCCCCC(O)=O,OC(=O)C1=CC(=CC=C1)O,failed,0,
CCCCCCCC(O)=O,OC(=O)C1=CC=C(F)C=C1,failed,0,
CCCCCCCC(O)=O,CC1=CC=C(C=C1)C(O)=O,failed,0,
CCCCCCCC(O)=O,OC(=O)C1=CC=CC=C1[N+](=O)[O-],failed,0,
